0,1
0.39182199660274086,0.6081780033972591
0.39848264177505216,0.6015173582249478
0.7433842290989905,0.2566157709010095
0.6017349154887264,0.3982650845112736
0.7043415914212883,0.29565840857871173
0.3855657027938829,0.6144342972061171
0.6240629361373772,0.3759370638626228
0.6182699708645236,0.3817300291354764
0.4940783444821384,0.5059216555178616
1.2489617265809005,-0.24896172658090054
0.4859151027089575,0.5140848972910426
0.8908758687712273,0.10912413122877274
0.7693326036279099,0.2306673963720901
0.810664736492079,0.18933526350792096
0.6177472817367706,0.3822527182632294
0.4151320298539323,0.5848679701460677
0.5600101367838675,0.43998986321613254
0.6143766145264676,0.38562338547353237
0.526463200253987,0.47353679974601304
0.5076346172911093,0.49236538270889074
0.4398474660457756,0.5601525339542244
0.6423659538809859,0.35763404611901406
0.49406179246335247,0.5059382075366475
0.38144827748437243,0.6185517225156276
0.6731217343142254,0.3268782656857746
0.5868362819036614,0.41316371809633856
0.403773405307396,0.596226594692604
0.7873478923771455,0.21265210762285447
0.5157843513396022,0.4842156486603978
0.37173644671635375,0.6282635532836462
0.539235214434349,0.46076478556565104
0.5029080633188268,0.49709193668117324
1.0720938290957864,-0.07209382909578643
0.3214293994302856,0.6785706005697144
0.6125652124444818,0.3874347875555182
0.6618288771270515,0.3381711228729485
0.3979569988909069,0.6020430011090931
0.43085067441917296,0.5691493255808271
0.6597576816477365,0.3402423183522635
0.48343695480585963,0.5165630451941403
0.9897924012169043,0.01020759878309574
0.5968072644889019,0.40319273551109813
0.416257920042948,0.5837420799570521
0.5437290848172373,0.45627091518276275
0.42263393572208213,0.5773660642779179
0.6181804441585558,0.3818195558414442
0.3922561768536359,0.6077438231463641
0.3717390800279803,0.6282609199720197
0.4353569691243029,0.5646430308756971
0.36921793789478186,0.6307820621052181
0.6363869590106747,0.36361304098932534
0.3706170445222263,0.6293829554777737
0.45349396435117506,0.5465060356488249
0.5058497468898322,0.4941502531101678
0.49252566423000577,0.5074743357699942
0.35209994609508666,0.6479000539049133
0.6495863575338295,0.35041364246617046
0.5637391719249233,0.4362608280750767
0.7579864423788603,0.24201355762113974
0.4440902667903373,0.5559097332096627
0.6224014063390508,0.37759859366094917
0.42515250914376007,0.57484749085624
0.6738978413930852,0.3261021586069148
0.7087234845691681,0.2912765154308319
0.5690947474557544,0.4309052525442456
0.580702860070269,0.41929713992973106
0.7529819097770115,0.24701809022298848
0.4120360819940544,0.5879639180059456
0.3352073286043406,0.6647926713956593
0.6700533280724708,0.32994667192752924
0.34335451680196205,0.656645483198038
0.604939290530036,0.39506070946996397
0.4333776866636041,0.5666223133363959
0.6424889531216987,0.35751104687830126
0.3549613424710992,0.6450386575289009
0.5267517832345096,0.47324821676549045
1.2177781808340675,-0.21777818083406753
0.3408440268714328,0.6591559731285672
0.5400391309545763,0.45996086904542366
0.45201087642031545,0.5479891235796845
0.5873946898919453,0.4126053101080547
0.4025818429401604,0.5974181570598396
0.4775251218549586,0.5224748781450415
0.43931384361166853,0.5606861563883314
0.5385482908699324,0.4614517091300676
0.4261459720605008,0.5738540279394992
0.5633681211220437,0.4366318788779563
0.4769385537110093,0.5230614462889907
0.45615065551794504,0.5438493444820549
0.44464086586324175,0.5553591341367583
0.43695280730107966,0.5630471926989203
0.529207314963187,0.47079268503681304
0.8547611915746688,0.1452388084253312
0.4600989590978738,0.5399010409021262
0.6661335720526322,0.33386642794736776
0.6241075853552311,0.37589241464476886
0.39613033407140874,0.6038696659285913
0.504817680227512,0.49518231977248806
0.7644700701016829,0.23552992989831711
0.45425305611487865,0.5457469438851213
0.4767850480465347,0.5232149519534652
0.4145946949363525,0.5854053050636475
0.6171219978129397,0.38287800218706025
0.4778543731364687,0.5221456268635313
0.8741622065032434,0.1258377934967566
0.8799729028013974,0.1200270971986026
0.44154672082184326,0.5584532791781567
1.118504928888842,-0.11850492888884201
0.4746626633059155,0.5253373366940846
0.7495741475440517,0.2504258524559483
0.6374357336226453,0.3625642663773547
0.29699163495746056,0.7030083650425394
0.8662656555721279,0.13373434442787213
0.5798943527300052,0.4201056472699948
0.4642788745945733,0.5357211254054267
0.6432390013833972,0.3567609986166028
0.5578511663267536,0.4421488336732464
0.5709226695975197,0.4290773304024803
0.5865373104613985,0.41346268953860155
0.3924561532634257,0.6075438467365744
0.40744481909238495,0.592555180907615
0.4882977017379773,0.5117022982620227
0.9830482416867062,0.016951758313293763
0.6521523159787054,0.3478476840212946
0.6268353930421828,0.37316460695781717
0.35348663101334526,0.6465133689866547
0.3582225026577542,0.6417774973422459
0.6472559611251923,0.35274403887480765
0.3515418362900972,0.6484581637099027
0.6198262009099599,0.3801737990900401
0.3068986026398575,0.6931013973601425
1.166734463887118,-0.166734463887118
0.42518263225073283,0.5748173677492672
0.5630794308000755,0.4369205691999245
0.619570620159791,0.38042937984020897
0.5429940503307037,0.4570059496692963
0.4962421179232067,0.5037578820767933
1.3572748558499073,-0.35727485584990726
0.5027313333636714,0.4972686666363286
0.6571954220276883,0.3428045779723117
0.6482796939660015,0.3517203060339985
0.45948569526784794,0.5405143047321521
0.9079415822196939,0.0920584177803061
0.508095127306194,0.491904872693806
0.7192828373044269,0.2807171626955731
0.5239868382632173,0.47601316173678265
0.4308523508140712,0.5691476491859289
0.46615287247616066,0.5338471275238393
0.5582625139374505,0.4417374860625495
1.4725294228013566,-0.47252942280135657
0.4022971698313093,0.5977028301686906
0.5581020608415722,0.4418979391584278
0.2617112992606482,0.7382887007393518
0.4818036263784016,0.5181963736215984
0.9496870091918038,0.05031299080819618
0.37060159442415275,0.6293984055758473
0.5172810775694424,0.4827189224305576
0.7327824280145859,0.26721757198541407
0.34270901466750714,0.6572909853324929
0.7134667964313228,0.2865332035686772
0.3660075384557602,0.6339924615442398
0.6369939201179031,0.3630060798820969
0.30810251567336,0.69189748432664
0.39210264636271064,0.6078973536372894
0.5832285197676043,0.41677148023239574
0.288648906396873,0.711351093603127
0.7419315240397678,0.2580684759602322
0.4638724784453411,0.5361275215546589
0.5162903685361523,0.4837096314638477
0.9659419715356629,0.03405802846433714
0.35756709948093945,0.6424329005190605
0.744267345603765,0.25573265439623505
0.45842359773161984,0.5415764022683802
0.5922579826592754,0.40774201734072457
0.7099759000924315,0.2900240999075685
0.5475677520000548,0.4524322479999452
0.4226254097472234,0.5773745902527766
0.698167449352572,0.301832550647428
0.7584909172882999,0.24150908271170013
0.7542862216155868,0.24571377838441322
0.4972974930753016,0.5027025069246984
0.42673716678050944,0.5732628332194906
0.4781997961658761,0.5218002038341238
0.5212023577450465,0.47879764225495347
0.7821857480606969,0.21781425193930315
0.4640987781863772,0.5359012218136228
0.5911175743625069,0.4088824256374931
0.4395596244499528,0.5604403755500472
0.5254018633189662,0.4745981366810338
0.9469312903555979,0.053068709644402134
0.40824236678466186,0.5917576332153381
0.39549748836132465,0.6045025116386753
0.4396701072342389,0.5603298927657612
0.534590108146041,0.465409891853959
0.8499118181021167,0.1500881818978833
0.7103258685237042,0.28967413147629584
0.45673612960758864,0.5432638703924113
0.4560855730140479,0.5439144269859522
0.4047726054261278,0.5952273945738722
0.7085715347200225,0.29142846527997746
0.4435993866270226,0.5564006133729774
1.0618362195571938,-0.06183621955719376
0.38642727933761345,0.6135727206623866
0.5864496854524215,0.4135503145475785
0.43938918556052653,0.5606108144394735
0.5684631093407129,0.43153689065928713
0.4750008337624215,0.5249991662375785
1.020497500351744,-0.020497500351744025
0.3203600014797376,0.6796399985202624
0.4550594927729251,0.5449405072270749
0.5513140559004668,0.4486859440995332
0.4782274031391324,0.5217725968608675
0.560336239966688,0.439663760033312
0.3726689289372859,0.627331071062714
0.45628106687245606,0.5437189331275439
0.5434196878725338,0.4565803121274662
1.2353553716374321,-0.23535537163743214
0.3680175688203117,0.6319824311796882
0.4642197287498625,0.5357802712501375
0.42425641453246205,0.5757435854675379
0.6434933832996088,0.3565066167003912
0.4149189290767121,0.5850810709232879
0.6048523274050005,0.3951476725949995
0.5523603527865089,0.44763964721349114
0.5037262494588719,0.4962737505411281
0.6542315074764116,0.34576849252358843
0.4141654696341891,0.5858345303658109
0.7760479246488019,0.2239520753511981
0.5731739997656907,0.4268260002343093
0.5787872317728069,0.4212127682271931
0.7323122233887748,0.2676877766112252
0.7442632778200706,0.2557367221799294
0.6774031333760248,0.32259686662397524
0.7877870697492023,0.21221293025079768
0.5859985548568322,0.41400144514316783
0.5723694091189798,0.4276305908810202
0.5967760341889227,0.40322396581107733
0.5372245042060001,0.4627754957939999
0.367207855149418,0.632792144850582
0.5932585865858351,0.4067414134141649
0.39134530481448876,0.6086546951855112
0.7968138067444465,0.20318619325555354
0.3129354277498859,0.6870645722501141
0.5484456170116768,0.4515543829883232
0.37725021486680943,0.6227497851331906
0.883706660141622,0.11629333985837798
0.8096392839615101,0.19036071603848992
0.7130501777646348,0.28694982223536525
0.4608695146997288,0.5391304853002712
0.47603124305425115,0.5239687569457488
0.545158901468695,0.45484109853130505
0.7905102273225415,0.2094897726774585
0.9063950654743407,0.09360493452565932
0.4663521681313903,0.5336478318686098
0.4442753439801905,0.5557246560198095
0.4801448187150147,0.5198551812849853
0.520964060010056,0.479035939989944
0.5532216386554336,0.4467783613445664
0.48761386261841605,0.5123861373815839
0.5137220856744105,0.48627791432558953
0.5763680084277772,0.42363199157222275
0.5109429086271084,0.48905709137289155
0.4368568483819921,0.5631431516180079
0.46155984696956187,0.5384401530304381
0.5677990879474332,0.43220091205256683
0.6038939588838212,0.39610604111617875
0.9945180204938233,0.005481979506176682
0.5297711340801196,0.47022886591988045
0.754039163683613,0.245960836316387
0.5851668517839907,0.41483314821600925
0.7000586128404609,0.2999413871595391
0.32471633671645916,0.6752836632835408
0.5325146052674726,0.46748539473252737
0.7306884633912198,0.26931153660878016
0.38898295051058057,0.6110170494894194
0.896498783751055,0.10350121624894504
0.57469196182175,0.42530803817825
0.42928959874567024,0.5707104012543298
0.5473143252778979,0.4526856747221021
0.5060561580728452,0.4939438419271548
0.3262881419992163,0.6737118580007837
0.9173646724232998,0.08263532757670022
0.7436652346492929,0.2563347653507071
0.43657034510628384,0.5634296548937161
0.6603255259859059,0.3396744740140941
0.380374259175808,0.619625740824192
0.6654980252788761,0.33450197472112386
0.5266106136083575,0.4733893863916425
0.517382849395672,0.48261715060432797
0.48226667085955965,0.5177333291404403
0.6178425700049817,0.38215742999501834
0.8698616255474042,0.1301383744525958
0.675673472373548,0.324326527626452
0.29602888307626946,0.7039711169237306
0.9740078507425847,0.02599214925741533
0.41996135796079315,0.5800386420392069
0.4083299614777562,0.5916700385222438
0.5830159061424979,0.4169840938575021
0.5721228355146576,0.4278771644853424
0.3295856418944618,0.6704143581055382
0.5043713889780314,0.49562861102196865
1.2484742712221415,-0.2484742712221415
0.3844381752303115,0.6155618247696886
0.5196673447162068,0.4803326552837932
0.4301142492920751,0.5698857507079249
0.4800667359971902,0.5199332640028098
0.2656523803506478,0.7343476196493521
0.43790072927434315,0.5620992707256569
0.43306431081327645,0.5669356891867235
0.5580697103596058,0.44193028964039416
0.33621102238496403,0.663788977615036
0.3710091078975067,0.6289908921024934
0.5393544308771212,0.4606455691228788
0.4084809061688076,0.5915190938311924
0.6429016136193574,0.3570983863806426
0.5432900807231676,0.45670991927683235
0.4493936151822947,0.5506063848177053
0.4713868482576166,0.5286131517423833
0.6347598179651526,0.3652401820348474
0.8774459718357343,0.12255402816426575
0.3854289834324722,0.6145710165675278
0.393349393078607,0.606650606921393
0.8543681450268285,0.14563185497317155
0.6440813094682207,0.35591869053177927
0.8174572998666874,0.18254270013331264
0.4488056691769606,0.5511943308230394
0.4900055309578047,0.5099944690421954
0.7118191410456715,0.28818085895432854
0.4925480027459178,0.5074519972540822
0.4879397380701778,0.5120602619298222
0.4343081498173203,0.5656918501826798
0.520706334520288,0.47929366547971197
0.6055985383606645,0.39440146163933554
0.31579501910077407,0.6842049808992259
0.8761955601033242,0.12380443989667578
0.756076003898502,0.24392399610149795
0.3857982402652053,0.6142017597347946
0.5483822290076483,0.4516177709923517
0.46740832279327466,0.5325916772067254
1.1534092091390116,-0.15340920913901157
0.5145976689301698,0.4854023310698302
0.692264293638187,0.307735706361813
0.451169986755709,0.5488300132442909
0.41103400738607865,0.5889659926139214
0.3563505124677989,0.6436494875322011
0.4929091574630501,0.5070908425369499
0.9435597199391698,0.05644028006083024
0.7220722849420608,0.27792771505793923
0.3748749399923489,0.6251250600076511
0.7435953526509335,0.25640464734906654
0.6931988933786217,0.3068011066213783
0.8527493213907285,0.14725067860927155
0.5088589312281768,0.4911410687718232
0.48080366923288237,0.5191963307671177
0.6029901907116988,0.3970098092883012
0.3482323146813266,0.6517676853186734
0.3497649664211146,0.6502350335788853
0.4468287374777019,0.5531712625222981
0.5709175914379974,0.42908240856200264
0.43739691542113357,0.5626030845788664
0.8095249308246172,0.19047506917538282
0.43168138291461783,0.5683186170853822
0.873192872307357,0.12680712769264302
0.7231993057499492,0.2768006942500508
0.2364902339283393,0.7635097660716608
0.7088780325132747,0.29112196748672525
0.7132951440245233,0.2867048559754767
0.542483046580054,0.457516953419946
0.39012244209941527,0.6098775579005847
0.3852184544862521,0.614781545513748
0.4265299428884508,0.5734700571115492
0.4224600717467179,0.577539928253282
0.6020984158632429,0.39790158413675714
0.6632307336821669,0.3367692663178331
0.7597044642610483,0.24029553573895168
0.5498029169462636,0.4501970830537364
0.4663717144136778,0.5336282855863221
0.5817874785436901,0.41821252145630994
0.32886736207177164,0.6711326379282283
1.6087615851116108,-0.6087615851116108
0.33588579292557164,0.6641142070744284
0.38147313463067567,0.6185268653693243
0.7441881111220147,0.25581188887798534
0.3058163402975186,0.6941836597024814
0.32574185185574056,0.6742581481442594
0.4130900175468533,0.5869099824531467
0.3951902843421871,0.6048097156578129
1.25317298534826,-0.25317298534826005
0.5553672518376866,0.44463274816231335
0.45384950236300675,0.5461504976369933
0.4043911055883885,0.5956088944116116
0.4265595668835068,0.5734404331164932
0.8170463166302632,0.18295368336973683
0.4273403736267796,0.5726596263732204
0.49347596641680325,0.5065240335831968
0.48441334129195457,0.5155866587080454
0.4152385685242437,0.5847614314757563
0.6964996755358622,0.30350032446413777
0.6290147247183625,0.3709852752816375
1.0061381243650818,-0.006138124365081765
0.4149090364559735,0.5850909635440265
0.8013909588790769,0.19860904112092315
0.48316850216433294,0.5168314978356671
0.771435907556861,0.22856409244313902
0.5187939696376281,0.48120603036237186
0.36361897009458055,0.6363810299054194
0.3351710651482367,0.6648289348517633
0.4304410410714193,0.5695589589285808
0.6506126357961587,0.3493873642038413
0.5809194751635546,0.4190805248364454
0.9102704041116121,0.08972959588838791
0.28663789884635976,0.7133621011536402
0.43660748089805107,0.5633925191019489
0.8249416642207192,0.17505833577928076
0.27756879125996736,0.7224312087400326
0.6364734631553176,0.3635265368446824
0.4278742847688848,0.5721257152311152
0.47836397120148333,0.5216360287985167
0.412768114653617,0.5872318853463829
0.536295652307313,0.463704347692687
0.3431530553406503,0.6568469446593497
0.3741018971818487,0.6258981028181513
0.922986063846031,0.07701393615396901
0.5058769139413257,0.4941230860586743
0.6692663561424443,0.33073364385755566
0.49462179444717075,0.5053782055528293
0.462978552109064,0.537021447890936
0.7754866260553077,0.22451337394469228
0.7887668148640848,0.21123318513591516
1.0220633564443593,-0.022063356444359306
0.4228127367844466,0.5771872632155535
0.6057823916832747,0.39421760831672525
0.4868324721527543,0.5131675278472456
0.29885108291873297,0.701148917081267
1.0738279853553885,-0.07382798535538848
0.41929070154632686,0.5807092984536731
0.37223593431598223,0.6277640656840178
0.9357051500346477,0.06429484996535229
0.41146483216604396,0.5885351678339561
1.1585636434259636,-0.15856364342596363
1.1969628456500203,-0.1969628456500203
0.4164766220132931,0.5835233779867068
0.598304286971738,0.401695713028262
0.6948466955826937,0.30515330441730626
0.7713614575612157,0.22863854243878434
0.5597230048590717,0.44027699514092833
0.9111535128847416,0.08884648711525844
0.6964409154317255,0.3035590845682745
0.37525976485014556,0.6247402351498544
0.7812881420102781,0.21871185798972193
0.3474476650967844,0.6525523349032156
0.42179322251486284,0.5782067774851372
0.6592171577971343,0.3407828422028657
0.655184280423769,0.34481571957623103
0.7578847476489226,0.24211525235107745
0.8436835113861841,0.15631648861381586
0.6531552659574652,0.3468447340425348
0.3903115305824893,0.6096884694175106
0.5391239897939409,0.46087601020605906
0.687805031853213,0.31219496814678704
0.2689537634583315,0.7310462365416686
0.834839630703638,0.16516036929636202
0.699483852519804,0.30051614748019595
0.778567013312367,0.221432986687633
0.530054475011223,0.46994552498877695
0.4416861980998182,0.5583138019001819
0.9362771701146141,0.06372282988538591
0.3594970788052625,0.6405029211947375
0.7043353377589466,0.29566466224105337
0.5153567607034556,0.4846432392965444
0.6254387039344141,0.37456129606558586
0.6811982053003418,0.3188017946996582
0.36623289992906305,0.633767100070937
0.6275067602770418,0.3724932397229582
0.6771738720006516,0.3228261279993484
0.45052692386508203,0.549473076134918
0.57831532521249,0.42168467478751004
0.3957083587830699,0.6042916412169301
0.5528997923036043,0.4471002076963957
0.385988349795863,0.6140116502041371
0.4055576602581729,0.594442339741827
0.9067871684626396,0.09321283153736037
0.3905026992565663,0.6094973007434337
0.4496917369034412,0.5503082630965588
0.6444668266905518,0.3555331733094482
0.681270790423881,0.31872920957611905
0.5919298153819351,0.4080701846180649
0.5438550936295572,0.4561449063704428
0.7075216526599624,0.29247834734003764
0.39410066305494557,0.6058993369450545
0.499464898721251,0.500535101278749
0.6349381008888667,0.3650618991111333
1.0690954963484431,-0.06909549634844314
0.6545700873480126,0.3454299126519874
0.6945644536671538,0.3054355463328462
0.5295477468758192,0.4704522531241808
0.5852219261267749,0.4147780738732251
0.7988107798803685,0.20118922011963147
0.7637031609818257,0.23629683901817433
0.4780596117989638,0.5219403882010363
0.6346334682537841,0.3653665317462159
0.5478854621810096,0.45211453781899036
0.5432102859961592,0.45678971400384083
0.8797454617203685,0.1202545382796315
0.8399240487996953,0.1600759512003047
0.30936549769648986,0.6906345023035101
0.4993989788424088,0.5006010211575912
0.4181490734997268,0.5818509265002731
0.31679788709121737,0.6832021129087826
0.5013933185482066,0.49860668145179343
0.5109856096679894,0.48901439033201055
0.8393997760315066,0.16060022396849338
0.6456161009514921,0.35438389904850787
0.2761907426173375,0.7238092573826624
0.6972347738440284,0.30276522615597157
0.5029211819215182,0.49707881807848175
0.4182218465610226,0.5817781534389774
0.2939375419356931,0.7060624580643069
0.3717838268992668,0.6282161731007332
0.49508982400486296,0.5049101759951371
0.39462980892130045,0.6053701910786995
0.48052826889687633,0.5194717311031236
0.32416544072336784,0.6758345592766322
0.5764367205841602,0.4235632794158398
0.488671907097623,0.511328092902377
0.9183155120453312,0.08168448795466876
0.7072281510394016,0.2927718489605984
0.7366568986350157,0.2633431013649843
0.3096194250329747,0.6903805749670253
1.1634078245616453,-0.16340782456164527
0.4880581891661117,0.5119418108338882
0.38127764443885304,0.618722355561147
0.9739361695132743,0.02606383048672567
0.4370796551527497,0.5629203448472503
0.4928046690351361,0.5071953309648639
0.9299057844660774,0.07009421553392259
0.701030405997349,0.298969594002651
0.6684556785659649,0.3315443214340351
0.658787344566064,0.341212655433936
0.4838997499815007,0.5161002500184992
0.5106006824305598,0.4893993175694402
0.5632028336211046,0.43679716637889543
1.0655467969550336,-0.06554679695503363
0.5443283430981134,0.4556716569018866
0.7873668173779432,0.21263318262205677
0.6008640041173121,0.3991359958826879
0.5755365343355334,0.4244634656644666
0.645771367810504,0.35422863218949596
0.6379084452981885,0.36209155470181154
0.9745787542068357,0.025421245793164293
0.5289376949448505,0.47106230505514946
0.3962141793678175,0.6037858206321824
0.3982305277432123,0.6017694722567877
0.5873848271366549,0.41261517286334515
0.5263128100389682,0.47368718996103176
0.6499718191280208,0.3500281808719792
0.6205455443259361,0.3794544556740639
0.6494406899289349,0.3505593100710651
0.35210067143911944,0.6478993285608805
0.48004076455348443,0.5199592354465156
0.6496032013821468,0.3503967986178532
0.5040605204485143,0.49593947955148565
0.3098030885286484,0.6901969114713515
0.47975922733370324,0.5202407726662968
0.40983829576277536,0.5901617042372247
0.593061987933874,0.406938012066126
0.5039594499492817,0.49604055005071834
0.3849774340082702,0.6150225659917298
0.3831315687035807,0.6168684312964192
0.5817267968958459,0.41827320310415406
0.6661736343127211,0.33382636568727886
0.4564457452818631,0.5435542547181369
0.5169016364703618,0.4830983635296382
0.637889473273473,0.362110526726527
0.5986977269073122,0.40130227309268784
0.4439760948634396,0.5560239051365604
0.5353365446660897,0.4646634553339103
0.9887610511646542,0.011238948835345819
0.7913034795900529,0.20869652040994713
0.7359961371577567,0.2640038628422433
1.2090703592499492,-0.2090703592499492
0.4520587679422109,0.5479412320577891
0.30720696522262425,0.6927930347773757
0.40504166919997153,0.5949583308000285
0.5484509620354219,0.4515490379645781
0.6699918054330999,0.3300081945669001
0.5778311425307909,0.42216885746920907
0.41893967011187355,0.5810603298881265
0.3895599741262449,0.6104400258737551
0.28392525044477374,0.7160747495552262
1.0057665669133928,-0.005766566913392834
0.5108889620155898,0.48911103798441025
0.6476933450269156,0.35230665497308444
0.3950342257126453,0.6049657742873547
0.520319571759601,0.479680428240399
0.42500298288892296,0.574997017111077
0.5383758816954813,0.46162411830451866
0.3407363591271633,0.6592636408728367
0.7008314566845141,0.2991685433154859
0.6748575115464956,0.32514248845350435
0.6136495800938871,0.38635041990611285
0.2972688662494603,0.7027311337505397
0.523592696449475,0.47640730355052496
0.3213121984548597,0.6786878015451403
0.4718200969428995,0.5281799030571005
0.6545653961061415,0.3454346038938585
0.5446282468956248,0.45537175310437517
0.49400239175863087,0.5059976082413691
0.5154261606644142,0.48457383933558584
0.3996125640379092,0.6003874359620909
0.8285491993572895,0.17145080064271045
0.6614807073076001,0.3385192926923999
0.8327586141269366,0.16724138587306336
0.37140620451596235,0.6285937954840377
0.8556406550795099,0.14435934492049007
0.7359297168318293,0.2640702831681707
0.38378453315074906,0.616215466849251
0.46035043609447474,0.5396495639055252
1.114836027141764,-0.11483602714176411
0.9471271386214855,0.052872861378514546
0.5122613032793724,0.48773869672062764
0.8301662241724527,0.16983377582754733
0.5738666534415444,0.4261333465584556
0.4779556086296167,0.5220443913703833
0.45532866702805846,0.5446713329719415
0.3761426251696633,0.6238573748303367
0.5285429098949044,0.4714570901050956
0.31922788430241683,0.6807721156975832
0.4675221050409471,0.532477894959053
0.662008208338336,0.33799179166166404
0.282740987966667,0.717259012033333
0.9469419709811353,0.053058029018864694
0.4314489629110151,0.5685510370889849
0.8668517975354724,0.13314820246452763
0.5050582522947276,0.49494174770527244
0.7103217130073105,0.2896782869926895
0.9664577163458548,0.033542283654145244
0.4756501706056949,0.5243498293943051
0.7730988248308203,0.22690117516917974
0.30753869340056106,0.6924613065994389
0.4299453879845651,0.5700546120154348
0.3783931122911346,0.6216068877088654
0.9646722167429852,0.0353277832570148
0.6685480985814095,0.3314519014185905
0.5021471524263273,0.49785284757367265
0.8119399251756877,0.1880600748243123
0.6242127995926008,0.3757872004073992
0.47998317469920676,0.5200168253007933
0.5531870362952223,0.44681296370477774
0.7621108749490216,0.23788912505097837
0.4377846130010351,0.5622153869989649
0.8048990624005885,0.1951009375994115
0.3806325029378423,0.6193674970621577
0.604434120281493,0.395565879718507
0.30476510740599533,0.6952348925940046
0.28813029582607713,0.7118697041739228
0.6852455222282917,0.3147544777717083
0.8418001111759524,0.15819988882404756
0.7776181294079691,0.22238187059203085
0.388496147600612,0.611503852399388
0.42767059464327256,0.5723294053567274
0.44468896065252606,0.555311039347474
0.6217444654757711,0.3782555345242289
0.3386725513194297,0.6613274486805703
0.384447743629908,0.6155522563700919
0.3955286295425957,0.6044713704574043
0.48070896008114755,0.5192910399188524
0.8115521605288599,0.18844783947114008
0.30072235911543355,0.6992776408845665
0.5112149251176448,0.48878507488235523
0.5137371256891256,0.48626287431087445
0.29582113984632996,0.70417886015367
0.48277275969631755,0.5172272403036824
0.43454717681002947,0.5654528231899705
0.8613130217099284,0.1386869782900716
0.5996876099540348,0.4003123900459652
0.9932602048422655,0.006739795157734485
0.7019373057662698,0.2980626942337302
0.3815169655576761,0.6184830344423239
0.5807122048987731,0.41928779510122693
0.79733445524983,0.20266554475016996
0.6223790024679803,0.3776209975320197
0.39383337630743254,0.6061666236925675
0.829143784711441,0.170856215288559
0.45776641137787144,0.5422335886221286
0.4742527294681851,0.5257472705318149
0.6689092008346467,0.33109079916535333
0.4490873727644608,0.5509126272355391
0.479217160229402,0.520782839770598
0.4259721646890415,0.5740278353109585
0.5653786345215108,0.4346213654784892
0.5981456894321849,0.40185431056781507
0.561127197303079,0.43887280269692097
0.6850180487722041,0.31498195122779593
0.39875038414061287,0.6012496158593872
0.7321824123236609,0.2678175876763391
0.5822342821832891,0.4177657178167109
0.7434181248345215,0.2565818751654785
0.45511905972567457,0.5448809402743254
0.7797087344170324,0.22029126558296763
0.7899651466130475,0.2100348533869525
0.37630291536430704,0.623697084635693
0.5318022616921468,0.46819773830785316
0.9527542861564394,0.04724571384356058
0.6051749660644974,0.3948250339355026
0.8399080421522905,0.16009195784770947
0.6735118323468122,0.3264881676531878
0.8789637218375304,0.12103627816246965
1.2671952255327448,-0.2671952255327448
0.31839763794720843,0.6816023620527916
0.3959257536665962,0.6040742463334038
0.37086083216044874,0.6291391678395513
0.7113250991356237,0.2886749008643763
0.52681438689909,0.47318561310091
0.31324567482679366,0.6867543251732063
0.5447118996856497,0.4552881003143503
0.551871584088389,0.448128415911611
0.544971545929026,0.45502845407097403
0.7719696777406462,0.22803032225935382
0.5563437937346242,0.44365620626537583
0.3855993988514492,0.6144006011485508
0.7002805996705883,0.2997194003294117
0.528689475175081,0.471310524824919
1.2202832497886404,-0.22028324978864045
0.26637106367750774,0.7336289363224923
0.8601914923480779,0.1398085076519221
0.39778878595429934,0.6022112140457007
0.3069845553409995,0.6930154446590004
0.7176363275697495,0.2823636724302505
0.34661572700155685,0.6533842729984431
0.8335242341235822,0.16647576587641777
0.48416084011987415,0.5158391598801259
0.9685588631267479,0.03144113687325212
0.6822176765078625,0.31778232349213753
0.3533637367748389,0.6466362632251611
0.2799160277539572,0.7200839722460428
0.5702350017431826,0.42976499825681735
0.6447660617236196,0.3552339382763804
0.8573312311520971,0.14266876884790292
0.30322971644620567,0.6967702835537943
0.4811021863149768,0.5188978136850232
0.8333211607848832,0.16667883921511684
0.7272185602667832,0.2727814397332168
0.5250318287649824,0.47496817123501756
0.5577025081464592,0.44229749185354084
0.8046226984044814,0.19537730159551858
0.5491603056875125,0.4508396943124875
0.7885553554041568,0.21144464459584322
0.3803374883123216,0.6196625116876784
0.7383443393315204,0.26165566066847956
0.47931875076173375,0.5206812492382662
0.6304856194111449,0.3695143805888551
0.4316398853476378,0.5683601146523622
0.33601261273017086,0.6639873872698292
0.3656380986817719,0.6343619013182281
0.5281610439840209,0.47183895601597914
0.3202069106305656,0.6797930893694344
0.8812602975399992,0.11873970246000076
1.4678025669752843,-0.46780256697528433
0.5339083076808525,0.4660916923191475
0.39004710067190834,0.6099528993280916
0.7975860947679458,0.20241390523205416
0.3977390707353093,0.6022609292646908
0.3860383710875908,0.6139616289124092
0.8753907774425316,0.12460922255746842
0.6528194899616783,0.34718051003832173
0.6138599971788623,0.3861400028211377
0.46011114012507404,0.539888859874926
0.5257157656387934,0.4742842343612066
0.5107227924154463,0.48927720758455373
0.6494307588537532,0.35056924114624677
0.6474454532755548,0.3525545467244452
1.030420484251482,-0.030420484251481916
0.6627228423731765,0.33727715762682353
0.35730560942652,0.64269439057348
1.0920614415838164,-0.09206144158381635
0.9497670520569296,0.05023294794307043
0.5829905912772378,0.41700940872276215
0.38866757733905005,0.61133242266095
0.35179013263461817,0.6482098673653818
0.4082829239453362,0.5917170760546637
0.36554396420817475,0.6344560357918252
0.3917092306861294,0.6082907693138706
0.6138541522920727,0.38614584770792726
0.6437091941089285,0.35629080589107154
0.7018669571430093,0.2981330428569907
0.7454460683829885,0.25455393161701145
0.5235247083507946,0.47647529164920543
0.49060346778310154,0.5093965322168985
0.6515856580213907,0.3484143419786093
0.9196820250493463,0.08031797495065374
0.7742040260536589,0.2257959739463411
0.3244296605856043,0.6755703394143957
0.863021054048759,0.13697894595124105
0.690642757088291,0.30935724291170896
1.0470715220871831,-0.047071522087183126
1.2108807189357618,-0.21088071893576177
0.2653691297238725,0.7346308702761275
0.5752208464663313,0.4247791535336687
0.5806805284057116,0.4193194715942884
0.658051125445965,0.341948874554035
0.5087930877356255,0.4912069122643745
0.537513552634691,0.462486447365309
0.31419235050971744,0.6858076494902825
1.028837184192613,-0.02883718419261294
0.27625963230098066,0.7237403676990193
0.8344659861952838,0.16553401380471622
0.6645249150361625,0.3354750849638375
0.44191087810660773,0.5580891218933923
0.5237698192104532,0.4762301807895468
0.6110152901098039,0.38898470989019607
0.30240432313698723,0.6975956768630127
0.31235331383836956,0.6876466861616304
0.29473310307006545,0.7052668969299345
0.7175974770892564,0.28240252291074364
0.6562018327017796,0.34379816729822044
0.4361134688424561,0.5638865311575438
1.3999148757616864,-0.3999148757616864
0.31714691039228204,0.682853089607718
0.41859270842467583,0.5814072915753241
0.3384397379384071,0.6615602620615929
0.4694762909549847,0.5305237090450152
0.5506698252019917,0.4493301747980083
0.5930537720691699,0.40694622793083013
0.3478391184484103,0.6521608815515897
0.3200999759198683,0.6799000240801317
0.8466460411597138,0.15335395884028624
0.8666310794016842,0.13336892059831584
0.34023835695051874,0.6597616430494813
0.4362336831247576,0.5637663168752425
0.46829770828344963,0.5317022917165504
0.35365176470414195,0.646348235295858
0.3374889147136261,0.6625110852863739
0.9474470835739958,0.05255291642600424
0.5548176139526877,0.4451823860473123
0.5280938100258122,0.47190618997418776
0.3045658472167547,0.6954341527832453
0.24234363117739538,0.7576563688226046
0.38679572961337816,0.6132042703866218
0.37900303189174783,0.6209969681082521
0.9253362519650314,0.07466374803496856
0.47182200620817044,0.5281779937918296
0.5631706462775962,0.43682935372240383
0.6180476268181637,0.3819523731818363
0.31082185186544226,0.6891781481345578
0.506101648828003,0.493898351171997
0.5451422470583286,0.4548577529416714
1.268433623465125,-0.268433623465125
0.5290850768971401,0.4709149231028599
0.4937834656162487,0.5062165343837512
0.7542173297728376,0.24578267022716238
0.6731739268320714,0.32682607316792855
0.5318701057286604,0.46812989427133955
0.7934960572859845,0.2065039427140155
0.43469005089864043,0.5653099491013596
0.8707882935381576,0.12921170646184243
0.999816631367066,0.00018336863293400008
0.6972427385655882,0.30275726143441184
0.6230334158595067,0.37696658414049333
0.8954629068975797,0.10453709310242032
0.8440042578306769,0.1559957421693231
0.48947463258478974,0.5105253674152103
0.5121139560191755,0.48788604398082447
0.27296616004374186,0.7270338399562581
0.5062920080643513,0.49370799193564874
1.261946076409142,-0.2619460764091419
1.1048128903667824,-0.10481289036678243
0.6633153999063801,0.3366846000936199
0.8061579578425887,0.1938420421574113
0.4066949939109264,0.5933050060890737
0.641882241702546,0.35811775829745396
0.440925949369896,0.559074050630104
0.42882060619958223,0.5711793938004177
0.3097582602119386,0.6902417397880614
0.3774959573486616,0.6225040426513384
0.34902732359464234,0.6509726764053576
0.3052340984589551,0.6947659015410449
0.4793071042305276,0.5206928957694724
0.3404510085761342,0.6595489914238658
0.38681693962187474,0.6131830603781252
0.6219114934591847,0.3780885065408153
0.642075094444876,0.357924905555124
0.34681486144151064,0.6531851385584894
0.37176502756856117,0.6282349724314389
0.5818760561716156,0.41812394382838436
0.9607992886313975,0.03920071136860248
0.6546507424813942,0.3453492575186058
0.454255690315418,0.545744309684582
0.7177921725168853,0.2822078274831147
0.44356814473808204,0.556431855261918
0.3763693534680041,0.6236306465319958
0.3513836976786818,0.6486163023213183
0.6847862343160845,0.31521376568391546
0.9344725725726373,0.06552742742736273
0.6128590953393998,0.38714090466060025
0.4319879599304917,0.5680120400695083
0.4072448811910757,0.5927551188089243
0.38943657529832054,0.6105634247016795
0.38699579656881766,0.6130042034311823
0.8002352827224815,0.19976471727751854
0.9693152069063612,0.030684793093638807
0.5127187648096376,0.48728123519036237
0.509136509225736,0.49086349077426406
0.6703441207721718,0.32965587922782824
0.6101094873504196,0.3898905126495804
0.5721526721361206,0.42784732786387936
0.9852603147871707,0.014739685212829312
0.3312388830928402,0.6687611169071598
0.35657712173059086,0.6434228782694091
0.5366998078948892,0.46330019210511075
0.6077620092839866,0.3922379907160134
0.42907093838714455,0.5709290616128555
0.6074825681500904,0.3925174318499096
0.38914164398082224,0.6108583560191778
0.6439758631238302,0.35602413687616985
0.47542724495898725,0.5245727550410128
0.28958375425626726,0.7104162457437327
0.5443862564493511,0.4556137435506489
0.4144717497129941,0.5855282502870058
0.5477381159651811,0.45226188403481893
0.450969209575643,0.549030790424357
0.48284655914122676,0.5171534408587732
0.6701381854615992,0.3298618145384008
1.260179070910975,-0.26017907091097503
0.32476144200123686,0.6752385579987632
0.4329944847442208,0.5670055152557791
0.4029611181004542,0.5970388818995458
1.3163537583397935,-0.3163537583397935
0.5762821000567057,0.42371789994329434
0.6838703190521992,0.3161296809478008
0.5620368434649922,0.43796315653500784
0.7271566358592342,0.2728433641407658
0.5241697361626683,0.47583026383733174
0.9926279195555358,0.007372080444464246
0.3931070694884118,0.6068929305115882
0.6959407923068076,0.3040592076931924
0.8593609056975322,0.1406390943024678
1.2508079592690415,-0.25080795926904154
0.48059285654321743,0.5194071434567826
1.1654097243602024,-0.1654097243602024
0.7916622317459568,0.20833776825404315
0.38510077639746115,0.6148992236025388
0.6194208610690369,0.38057913893096307
0.5249731436990028,0.47502685630099717
0.5354530063359357,0.46454699366406427
0.44690511410056416,0.5530948858994358
0.3384492563173452,0.6615507436826549
0.7301550682616422,0.2698449317383578
0.40241348096447366,0.5975865190355263
0.37137548188482883,0.6286245181151712
0.3232336561529408,0.6767663438470592
0.3413453176750291,0.6586546823249708
0.39697481216159686,0.6030251878384032
0.6875368756324388,0.3124631243675612
0.9373096459793324,0.06269035402066758
0.46878344411978345,0.5312165558802165
0.8219103834621952,0.17808961653780475
0.5342928373770823,0.46570716262291767
0.5234220397152684,0.47657796028473165
1.0269492724258775,-0.026949272425877524
0.5594323443509087,0.4405676556490913
0.78425392494224,0.21574607505776
0.4716941244530069,0.5283058755469932
0.33133755988891733,0.6686624401110827
0.6743049544787117,0.32569504552128825
0.6914588377901092,0.3085411622098908
0.5082146301133683,0.4917853698866317
0.9865272908442693,0.013472709155730733
0.8751938861669211,0.12480611383307894
0.5021212843257893,0.4978787156742107
1.5549752014831772,-0.5549752014831772
0.4748644475389839,0.5251355524610162
0.8392266290449981,0.16077337095500188
0.5572554116675666,0.44274458833243335
0.7730267828877005,0.22697321711229945
0.659697641230934,0.340302358769066
0.5077128928278342,0.49228710717216584
0.6386724326003239,0.3613275673996761
0.5889619866881204,0.4110380133118796
0.4411221128050332,0.5588778871949668
0.688684162503898,0.31131583749610203
0.5141225572751522,0.4858774427248478
0.5019009896349149,0.4980990103650851
1.3019674058474329,-0.30196740584743287
0.4676741264959095,0.5323258735040906
0.27321011770347753,0.7267898822965224
0.47768531105921236,0.5223146889407877
0.5171025671539582,0.4828974328460418
0.30492347619139243,0.6950765238086076
0.4892915978889743,0.5107084021110257
0.5972454725888359,0.40275452741116413
0.3219855307807814,0.6780144692192186
0.4975313424419216,0.5024686575580783
0.6107799896056223,0.3892200103943777
0.5449068673540793,0.45509313264592066
0.7097142419014124,0.2902857580985876
0.5585883387123678,0.4414116612876322
0.40165767095665594,0.5983423290433441
0.38150497453764,0.61849502546236
0.6466455503979229,0.35335444960207707
0.39478302058306725,0.6052169794169328
0.6497500460022242,0.3502499539977758
0.29939723455135875,0.7006027654486413
0.4028205657377416,0.5971794342622584
0.7847571113471447,0.21524288865285535
0.5953993166359377,0.4046006833640623
0.4399432018314049,0.5600567981685951
0.5346177395228896,0.4653822604771104
0.34019186731838325,0.6598081326816168
0.7311841542451253,0.2688158457548747
0.777373633044244,0.222626366955756
0.5755210898061806,0.42447891019381945
0.8083831403832051,0.19161685961679487
0.33605327203080826,0.6639467279691917
0.6571618173138154,0.3428381826861846
0.6389802493891558,0.36101975061084424
0.3239285847941838,0.6760714152058163
0.3777409104677159,0.6222590895322841
0.6981140849121522,0.3018859150878478
0.5236675621014374,0.4763324378985626
0.4243749326924106,0.5756250673075893
0.44379075954671676,0.5562092404532832
0.5109498400924491,0.48905015990755085
0.8674064102119899,0.13259358978801006
0.5828048484438381,0.41719515155616194
0.5159833213443148,0.4840166786556852
0.48519444578140664,0.5148055542185934
0.37173642552146896,0.628263574478531
0.5068793563966084,0.4931206436033916
0.7430750235836704,0.2569249764163296
0.8687762492532651,0.13122375074673487
0.8024269112439081,0.19757308875609192
0.9188860873207735,0.08111391267922652
0.42739579297174174,0.5726042070282582
0.5950998189275324,0.4049001810724676
0.970380632113552,0.029619367886448034
0.48103533525056297,0.518964664749437
0.5912719918239807,0.4087280081760193
0.525792644809882,0.47420735519011803
0.7006866159283098,0.29931338407169017
0.8712388663284996,0.12876113367150044
0.6025885615167833,0.3974114384832167
0.8051523386218127,0.19484766137818732
0.44967993813380025,0.5503200618661998
0.717373150078478,0.282626849921522
0.38959143232236204,0.610408567677638
0.5592724956410567,0.44072750435894326
0.43822788725562073,0.5617721127443793
0.719070925370961,0.28092907462903904
0.6293057800858998,0.37069421991410023
0.47117894893897055,0.5288210510610294
0.3871475278383075,0.6128524721616925
0.6691194263661839,0.33088057363381607
0.4382556065887051,0.5617443934112949
0.35887320157088154,0.6411267984291185
0.5370333915827216,0.46296660841727844
0.47132399747227877,0.5286760025277213
0.4990649465856695,0.5009350534143304
0.40229812137178467,0.5977018786282153
0.4636950700555469,0.5363049299444531
1.280084016439609,-0.280084016439609
0.6808197118984487,0.3191802881015513
0.6833533490550147,0.31664665094498534
0.4881910642474335,0.5118089357525665
0.4169819357222756,0.5830180642777244
0.47854496508197647,0.5214550349180236
0.5009061065848959,0.49909389341510413
0.4997576626569679,0.500242337343032
0.49912700140053023,0.5008729985994698
0.5410387177810165,0.45896128221898347
0.7244125538316489,0.27558744616835107
0.4959334084016444,0.5040665915983555
0.28782111927496185,0.7121788807250382
0.6593074791017128,0.34069252089828717
0.39473193180525196,0.605268068194748
0.3067814109773191,0.693218589022681
0.5605569542992126,0.4394430457007874
0.3756235076780258,0.6243764923219741
0.48498534547543787,0.5150146545245622
0.34580262112007704,0.6541973788799229
0.5045201145337834,0.4954798854662166
0.5912338706397354,0.4087661293602646
0.6333832961432784,0.3666167038567216
0.5742828061985131,0.42571719380148687
0.33808213727160674,0.6619178627283933
0.25649020996024097,0.743509790039759
0.40434816895361264,0.5956518310463874
0.5745190466131155,0.4254809533868845
0.3700126234967879,0.6299873765032121
0.73369567984145,0.26630432015855
0.4383595599852478,0.5616404400147522
0.33546676799396175,0.6645332320060382
0.6613102015773283,0.33868979842267166
0.3604710603452486,0.6395289396547514
0.5515765945372583,0.44842340546274173
0.5301801264340157,0.4698198735659843
0.41950835217674876,0.5804916478232512
0.5397526482946654,0.4602473517053346
0.3898824714058415,0.6101175285941585
0.952257188210601,0.04774281178939899
0.5250841588591733,0.47491584114082674
0.339411290569771,0.660588709430229
0.5618100114625024,0.4381899885374976
0.890536228258839,0.10946377174116095
0.4027465880317308,0.5972534119682692
0.38441846882884334,0.6155815311711567
0.39042084387187664,0.6095791561281234
0.6747705018427604,0.32522949815723956
0.3902789477466738,0.6097210522533262
0.39543006191992036,0.6045699380800796
0.6350079960367623,0.3649920039632377
0.44391712718795756,0.5560828728120424
0.7823467600565897,0.21765323994341035
0.73435281636049,0.26564718363951
0.6076807652319342,0.39231923476806585
0.26528703970245665,0.7347129602975433
0.5202190858031392,0.47978091419686075
0.4820336429861216,0.5179663570138784
0.47707231173525516,0.5229276882647449
0.4123117033833937,0.5876882966166064
1.1821530831261016,-0.18215308312610157
0.39620531476386656,0.6037946852361334
0.6729651845543284,0.3270348154456716
0.5143981371239987,0.48560186287600127
0.5230895320003527,0.4769104679996473
0.26419284844599245,0.7358071515540076
0.672606880106918,0.32739311989308195
0.7222265336476776,0.27777346635232236
0.6574529964747324,0.34254700352526757
0.6679465356739689,0.3320534643260311
0.37258019009725424,0.6274198099027457
0.5214975125481014,0.4785024874518986
0.4342506703643912,0.5657493296356089
0.5140438867032463,0.4859561132967537
0.430582938051135,0.569417061948865
0.6312489898671619,0.36875101013283806
0.48368575901134764,0.5163142409886523
0.9024778419348575,0.09752215806514253
0.539178126039278,0.46082187396072205
0.5427701422665159,0.4572298577334841
1.1247028570542654,-0.12470285705426543
0.5190141433352259,0.4809858566647741
0.4602318411140094,0.5397681588859906
0.487550723158179,0.512449276841821
0.44067224873667776,0.5593277512633222
0.5324207959063203,0.4675792040936797
0.37096868863944427,0.6290313113605557
0.327470714001232,0.6725292859987679
0.43554728021041417,0.5644527197895859
0.3975871471484463,0.6024128528515538
0.7734009798085707,0.2265990201914293
0.5022647283099233,0.4977352716900767
0.4861808007973511,0.5138191992026488
0.6619338769292824,0.3380661230707176
0.4478376439610906,0.5521623560389094
0.5141056585840021,0.48589434141599785
0.6378577850777184,0.3621422149222816
0.4902208551995036,0.5097791448004965
0.7020499188730711,0.2979500811269289
0.42114035901599434,0.5788596409840057
0.543088064000594,0.45691193599940605
0.9644801268437007,0.03551987315629934
0.5060942170275072,0.49390578297249277
1.0228529080756186,-0.022852908075618572
0.5448766826581544,0.45512331734184563
0.35411716288663625,0.6458828371133638
0.5346670457898269,0.46533295421017307
0.28738053560355814,0.7126194643964419
0.28183222098432315,0.7181677790156769
0.6718566164506761,0.32814338354932393
0.5185267437196233,0.48147325628037674
0.7070044879178705,0.2929955120821295
0.47064609106609623,0.5293539089339038
0.4417444612187627,0.5582555387812373
0.7733499340101403,0.2266500659898597
0.8757878899407039,0.12421211005929611
0.6476626716301241,0.35233732836987586
0.4364984086238794,0.5635015913761205
0.632108215097346,0.36789178490265395
1.038641217140478,-0.03864121714047797
0.49040787631196636,0.5095921236880336
0.5894828014509974,0.4105171985490026
1.3007079334393172,-0.30070793343931723
0.583641109623049,0.41635889037695095
0.5319908991498636,0.46800910085013636
0.6290129597182043,0.37098704028179574
0.9461966306944266,0.05380336930557339
0.5228581704396462,0.4771418295603538
0.39320926303720116,0.6067907369627988
0.4011068458373895,0.5988931541626106
1.1114382071220155,-0.11143820712201546
0.4789146737909771,0.5210853262090229
0.5273313458839888,0.4726686541160112
0.4331154485103689,0.5668845514896311
0.399753256703663,0.600246743296337
0.8055970526175066,0.19440294738249342
0.4563818610901555,0.5436181389098445
1.2774346132368788,-0.2774346132368788
0.6692179654632988,0.3307820345367012
0.34202122926167533,0.6579787707383247
0.7688184929801373,0.23118150701986273
0.4828275063920686,0.5171724936079314
0.38645394253763665,0.6135460574623633
0.5042430252497068,0.49575697475029323
0.49737790781089575,0.5026220921891043
0.7268555854894588,0.27314441451054117
0.40420766313625545,0.5957923368637446
0.5658418490203249,0.43415815097967514
1.1573515472122184,-0.15735154721221845
0.46359710234203927,0.5364028976579607
0.36557222193617417,0.6344277780638259
1.0927930043764047,-0.0927930043764047
0.7050225458103083,0.2949774541896917
0.4340039225339521,0.565996077466048
0.4150860971054689,0.5849139028945312
0.7643445698117427,0.2356554301882573
0.45338730889890233,0.5466126911010977
0.4181004946844154,0.5818995053155847
0.4722181982436509,0.5277818017563491
0.443985895563942,0.556014104436058
0.5655499566740207,0.43445004332597925
0.42572272657192695,0.574277273428073
0.4083187687004395,0.5916812312995605
0.41891982385114296,0.5810801761488571
0.6441985107499094,0.3558014892500906
0.46099055684734475,0.5390094431526553
0.7287004512587593,0.27129954874124074
0.43671871116933414,0.5632812888306659
0.5424371332306094,0.4575628667693906
0.4808010239452224,0.5191989760547776
0.9042525426127899,0.09574745738721013
0.3200866536529454,0.6799133463470546
0.5468716503230717,0.4531283496769283
0.6953293248600162,0.3046706751399838
0.4967568339650645,0.5032431660349355
0.6164161744937471,0.3835838255062529
0.2873832873148904,0.7126167126851096
0.8213393886186329,0.17866061138136713
0.46052006510052834,0.5394799348994717
0.421681643895352,0.578318356104648
0.5756874143260735,0.4243125856739265
1.0114838646864228,-0.011483864686422818
0.9188323794499037,0.0811676205500963
0.38982206575946754,0.6101779342405325
0.9871174003065836,0.01288259969341643
0.5806446968685901,0.4193553031314099
0.38553432663920634,0.6144656733607936
0.3093807857672034,0.6906192142327966
0.6288174659055994,0.3711825340944006
0.37522410501501535,0.6247758949849846
0.7590708690506562,0.24092913094934376
0.6919956135179582,0.30800438648204176
0.6190319985273468,0.3809680014726532
0.38352248394634536,0.6164775160536546
0.4299363520234649,0.5700636479765351
0.33742235256219266,0.6625776474378073
1.2293477965314945,-0.2293477965314945
0.8655378184753381,0.13446218152466194
0.9163835259558444,0.08361647404415562
0.4261205561150661,0.573879443884934
0.30445924140637287,0.6955407585936271
0.4590062617379669,0.5409937382620331
0.7840682598057623,0.21593174019423766
0.43900587202939595,0.5609941279706041
0.4174506904309887,0.5825493095690113
0.7487108339979437,0.2512891660020563
0.4927384620163315,0.5072615379836685
1.0394593997299832,-0.03945939972998325
0.4844258483364079,0.5155741516635921
0.6893184583401847,0.3106815416598153
0.3965302007120103,0.6034697992879897
0.48154004868790046,0.5184599513120995
0.5685131682207832,0.43148683177921676
0.43104411365259293,0.5689558863474071
0.35896384911980095,0.641036150880199
0.5958442795886942,0.40415572041130576
1.0896238625856376,-0.08962386258563759
0.7216408586942288,0.2783591413057712
0.8160113732286043,0.1839886267713957
0.5427632415581989,0.4572367584418011
0.43455357964454433,0.5654464203554557
0.5052888737860991,0.4947111262139009
0.3695060717757208,0.6304939282242792
0.2927697954084851,0.7072302045915149
0.47460001898912696,0.525399981010873
0.571198970454401,0.42880102954559896
0.475766142123947,0.524233857876053
0.3095891706621635,0.6904108293378365
0.6947422657169356,0.30525773428306435
0.723002636864092,0.27699736313590795
0.7878107946828773,0.2121892053171227
0.5389817506834195,0.46101824931658053
0.3607085304497095,0.6392914695502905
0.4534395450224987,0.5465604549775013
1.1176027833093536,-0.11760278330935359
0.43670903731658467,0.5632909626834153
0.29404031362065025,0.7059596863793498
0.2742542810345372,0.7257457189654628
0.7715878221055297,0.22841217789447033
1.0960952570510496,-0.0960952570510496
0.8145884205821327,0.18541157941786734
0.7143485105854268,0.2856514894145732
0.4081839944176935,0.5918160055823065
0.5212005895797258,0.4787994104202742
1.185344973317633,-0.1853449733176331
0.3501397591536518,0.6498602408463482
0.4485023855835485,0.5514976144164515
0.39409145456703526,0.6059085454329647
0.7593730844588109,0.2406269155411891
0.3543368645586713,0.6456631354413287
0.39218463685402677,0.6078153631459733
0.5668942698866579,0.4331057301133421
0.50095525448157,0.49904474551843003
0.5066484899501189,0.4933515100498811
0.47436219117908074,0.5256378088209193
0.42467718117367764,0.5753228188263224
0.6656511219601179,0.3343488780398821
0.2988573084705801,0.7011426915294199
0.3528744084144338,0.6471255915855663
0.5031670825800427,0.4968329174199573
0.4847073409913252,0.5152926590086748
0.4784009112501232,0.5215990887498768
1.4717194342331985,-0.4717194342331985
0.32900140185047416,0.6709985981495259
0.9514794347185295,0.04852056528147053
0.43153422262182534,0.5684657773781747
0.3632329682720311,0.6367670317279689
0.7347157144116511,0.26528428558834893
0.5680241098570686,0.43197589014293136
0.5611240740310393,0.43887592596896075
0.5216697619819517,0.4783302380180483
0.481174679716284,0.518825320283716
0.7058805036980503,0.29411949630194967
0.5337736531038906,0.4662263468961094
0.6188599896400495,0.3811400103599505
0.45660179285527736,0.5433982071447226
0.7010364734411026,0.29896352655889735
0.5388807039646971,0.4611192960353029
0.8668408199160962,0.13315918008390382
0.5138889684833424,0.4861110315166576
0.5460817612182385,0.4539182387817615
0.5236701865959066,0.4763298134040934
0.49975386084071793,0.5002461391592821
0.5196524862690468,0.4803475137309532
1.1478012694554098,-0.14780126945540983
0.49145475903159563,0.5085452409684044
0.4444805216191071,0.5555194783808929
0.35637722642588926,0.6436227735741107
0.79272813097677,0.20727186902323003
0.5534261419239143,0.44657385807608574
0.847584457766502,0.15241554223349796
0.6824383597171753,0.31756164028282474
0.5346118898468614,0.46538811015313863
0.32772538478716096,0.672274615212839
0.6669592875287252,0.33304071247127476
0.5445384204281329,0.45546157957186706
0.40529980521433673,0.5947001947856633
0.4548613424337447,0.5451386575662553
0.42587532785317783,0.5741246721468222
0.5469276285812497,0.45307237141875034
0.4633563157127934,0.5366436842872067
1.156445584925821,-0.15644558492582106
0.7990317754599054,0.20096822454009455
0.6471370084438309,0.35286299155616907
0.5390874668960627,0.4609125331039373
0.5776379033321708,0.4223620966678292
0.3978890109396433,0.6021109890603566
0.46790167794126347,0.5320983220587365
0.45434636338105516,0.5456536366189448
0.7294999325025923,0.27050006749740774
0.4569887370925683,0.5430112629074317
0.7421646943564741,0.25783530564352586
0.8323925584998749,0.16760744150012508
0.32635639205168304,0.673643607948317
0.7202060068287698,0.2797939931712302
0.4698789435127868,0.5301210564872132
0.6066413997334825,0.3933586002665175
0.9850609614686455,0.014939038531354476
0.39929153120058875,0.6007084687994113
0.6276623134994053,0.37233768650059473
0.9202726303935154,0.07972736960648463
1.0466506641092348,-0.046650664109234796
0.7314681545691114,0.2685318454308886
0.3875511497012888,0.6124488502987112
0.5441242431171095,0.4558757568828905
0.9139557410433856,0.08604425895661438
0.6798187592651465,0.32018124073485354
0.6230255995005508,0.3769744004994492
0.3691905079736628,0.6308094920263372
0.3175865408921612,0.6824134591078388
0.44746004301407255,0.5525399569859275
0.3017477123531394,0.6982522876468606
0.35006761796370023,0.6499323820362998
0.5764948284726107,0.4235051715273893
0.7484521129982399,0.2515478870017601
0.5089739101146202,0.49102608988537977
0.3342045052934629,0.6657954947065371
0.6120326437871181,0.3879673562128819
0.5144665378942718,0.48553346210572823
0.41689141124969764,0.5831085887503024
0.42631590394428903,0.573684096055711
0.3737860764868582,0.6262139235131419
0.4935174622163837,0.5064825377836163
0.7369520026291166,0.26304799737088336
0.4274257577743794,0.5725742422256206
0.7575614179945521,0.24243858200544788
0.6713478609967225,0.3286521390032775
0.46078265460325024,0.5392173453967497
0.24964371184360576,0.7503562881563942
0.5813783297947077,0.4186216702052923
0.4395850772522679,0.5604149227477321
0.5389059437417029,0.46109405625829714
0.9039054783909788,0.09609452160902121
0.5578367779543558,0.4421632220456442
0.5100981440932038,0.48990185590679625
0.7613217468368639,0.23867825316313607
0.8619554746898664,0.13804452531013356
0.7776229640652831,0.22237703593471692
0.549607508109224,0.450392491890776
0.40451417126043915,0.5954858287395608
0.3738675441965636,0.6261324558034365
0.5246011736524447,0.47539882634755526
0.4144131997025283,0.5855868002974717
0.5420213428784931,0.45797865712150687
0.5373734046018858,0.46262659539811424
0.5740925446694143,0.4259074553305857
0.5655646478499772,0.4344353521500228
0.46206835274392194,0.537931647256078
0.5595827319870822,0.4404172680129178
0.5534315940690199,0.44656840593098013
0.8413848856312669,0.1586151143687331
0.5284797300272812,0.4715202699727188
0.4900666405435797,0.5099333594564204
0.6166025170038746,0.3833974829961254
0.5070889783650834,0.4929110216349166
0.49851056061911686,0.5014894393808831
0.5704274974917654,0.42957250250823464
0.5023423112387426,0.4976576887612574
0.772361134641651,0.22763886535834899
0.6108153185309245,0.3891846814690755
0.9950586167351542,0.004941383264845833
0.5641864144353305,0.43581358556466954
0.8798845605543143,0.1201154394456857
0.43195258858158225,0.5680474114184177
0.4471070980742204,0.5528929019257796
0.7239460553982521,0.2760539446017479
0.2853779438371189,0.7146220561628811
0.6893953389891829,0.3106046610108171
0.5937153411142216,0.40628465888577836
0.4467752209044659,0.553224779095534
0.4612090960608143,0.5387909039391857
0.32711489651954495,0.672885103480455
0.5384778095739798,0.46152219042602016
0.5631004210760991,0.43689957892390086
0.3376134708925549,0.6623865291074451
0.49013183300434837,0.5098681669956516
0.48278894736134154,0.5172110526386584
0.5864857967124029,0.41351420328759714
0.6201797698066621,0.3798202301933379
0.4696508338727599,0.5303491661272401
0.5224700928185426,0.4775299071814574
0.5665897961084315,0.4334102038915685
0.793390329956862,0.20660967004313802
0.4187676991659609,0.5812323008340391
1.102775244905461,-0.10277524490546108
0.5559399316616055,0.4440600683383945
1.2577140418304287,-0.2577140418304287
0.6927197346195627,0.3072802653804373
0.5448401436030712,0.4551598563969288
1.2714889409930443,-0.2714889409930443
0.4215070817222147,0.5784929182777854
1.133817195263693,-0.13381719526369307
0.4000992490178329,0.5999007509821671
0.323855335467176,0.676144664532824
1.2990816457475,-0.29908164574750007
0.66908055084928,0.33091944915072
0.5460725902651035,0.45392740973489654
0.7054001265057174,0.2945998734942826
0.33450763853404686,0.6654923614659531
0.35873843339797934,0.6412615666020207
0.7795364400565455,0.22046355994345446
0.5151733946828048,0.48482660531719524
0.3971418453370817,0.6028581546629184
0.41401448617541053,0.5859855138245895
0.45626333328655855,0.5437366667134415
0.41717583795977015,0.5828241620402299
1.2897946070143032,-0.28979460701430315
0.46207186755672613,0.5379281324432739
0.6443775478495466,0.3556224521504534
0.6986385767674769,0.30136142323252313
0.8993207268400498,0.10067927315995018
0.37864061634532886,0.6213593836546711
0.40349386004213017,0.5965061399578698
0.6829669737939881,0.3170330262060119
0.5375761798504416,0.4624238201495584
1.261334179260791,-0.26133417926079106
0.4412632301071077,0.5587367698928922
0.5591702635822595,0.4408297364177405
0.2975923483168821,0.7024076516831179
0.5610195064015071,0.4389804935984929
0.28168059072784796,0.7183194092721521
0.6426492753462252,0.3573507246537748
0.4604127253944344,0.5395872746055657
0.6038821573876795,0.3961178426123205
0.4408632528171231,0.559136747182877
0.3371963178159726,0.6628036821840274
0.5523290336130705,0.4476709663869295
0.37399290546946695,0.626007094530533
0.27269405823071485,0.7273059417692851
0.41371194040133585,0.5862880595986641
0.5557605461898552,0.44423945381014485
0.5931694589591671,0.40683054104083294
0.3459448297759542,0.6540551702240458
0.9073494106456648,0.09265058935433523
0.598864002159544,0.40113599784045595
0.7835177434816055,0.21648225651839448
0.35887385505839664,0.6411261449416034
0.5003370898762332,0.49966291012376685
0.4633729156957076,0.5366270843042924
0.43827433476683103,0.561725665233169
0.6952981404906162,0.3047018595093838
0.7968556456524667,0.2031443543475333
0.6726591505960321,0.3273408494039679
0.3737100952151794,0.6262899047848206
0.7748448841095392,0.22515511589046078
0.4176909104921757,0.5823090895078242
0.6280545113418541,0.3719454886581459
0.4083810516720789,0.5916189483279211
0.5681330257258612,0.4318669742741388
0.6413574437357932,0.3586425562642068
0.628823979124535,0.371176020875465
0.40042342025934585,0.5995765797406541
0.3229316124814669,0.677068387518533
1.0710177662663793,-0.07101776626637935
0.5513530335795191,0.44864696642048085
0.6081463260322058,0.39185367396779425
1.1366170563264049,-0.13661705632640486
0.7304809734222684,0.26951902657773164
0.460139499844598,0.539860500155402
0.4764045500922914,0.5235954499077087
0.5450155873543577,0.45498441264564227
0.8789949863670308,0.12100501363296923
1.0751158291720684,-0.07511582917206838
0.5350001103538227,0.46499988964617733
0.4715226813513246,0.5284773186486754
0.41732812484224246,0.5826718751577575
0.6910369268727454,0.3089630731272546
0.5911464744135813,0.40885352558641874
0.6094849117693072,0.3905150882306928
0.4137525343282307,0.5862474656717693
1.3788568315900822,-0.3788568315900822
0.2887415849617566,0.7112584150382434
0.9459348354988938,0.05406516450110621
0.6684244811238415,0.33157551887615855
0.4256623566395377,0.5743376433604623
0.7324671199270637,0.2675328800729363
0.6113139101572388,0.3886860898427612
0.6920424688045349,0.3079575311954651
0.634676918091362,0.36532308190863805
0.5861248664144981,0.4138751335855019
0.7330901837326012,0.26690981626739885
0.6834454511294553,0.3165545488705447
0.629217324534228,0.37078267546577204
0.5401650676872838,0.4598349323127162
0.516917073829134,0.483082926170866
0.5787431731302988,0.42125682686970123
0.46180435072847825,0.5381956492715217
0.5583173499512956,0.44168265004870444
0.37985670507001973,0.6201432949299803
0.6184788404297619,0.38152115957023813
0.6819526402224222,0.3180473597775778
0.5387096061299121,0.46129039387008786
0.5294974742752169,0.4705025257247831
0.5463933458739566,0.4536066541260434
0.39399374690046685,0.6060062530995332
0.6204959540176872,0.3795040459823128
0.3390950534398727,0.6609049465601273
0.3733393505963137,0.6266606494036864
0.9742402156512483,0.025759784348751702
0.3193894235454194,0.6806105764545807
0.4210079609106714,0.5789920390893286
0.6328049772335189,0.3671950227664811
0.5440931726610488,0.45590682733895116
0.5642047464546461,0.43579525354535387
0.4499979560824778,0.5500020439175222
0.39647513805650847,0.6035248619434915
0.4973819092787302,0.5026180907212698
0.47255619092159645,0.5274438090784035
0.9185456337393859,0.08145436626061409
0.6868418288615638,0.31315817113843625
0.8432062119480525,0.15679378805194755
0.5937887007855899,0.4062112992144101
0.6362482985411754,0.36375170145882463
0.4472747377947972,0.5527252622052028
0.7896364272419506,0.2103635727580494
0.8635234626273178,0.13647653737268217
0.2472291116878595,0.7527708883121405
0.32441056396480866,0.6755894360351913
0.6306719736887395,0.3693280263112605
0.46170610813325186,0.5382938918667481
0.441348261062461,0.5586517389375389
0.35286583697081103,0.6471341630291889
0.406656959426954,0.593343040573046
0.47198026536596144,0.5280197346340385
0.3256919441860236,0.6743080558139765
0.4359254518939956,0.5640745481060043
0.6223761969065318,0.3776238030934682
0.5601890334890178,0.43981096651098217
0.5901520063554468,0.40984799364455315
0.33267661716051244,0.6673233828394876
0.5520123114784347,0.44798768852156534
0.47578828198379103,0.5242117180162089
0.4109638509701403,0.5890361490298597
0.5330193617759653,0.4669806382240347
0.9955642758349473,0.004435724165052668
0.7409589190160089,0.25904108098399115
0.46541472830061525,0.5345852716993847
0.2561258243294242,0.7438741756705758
0.34916373749657026,0.6508362625034297
0.7166600269721469,0.2833399730278531
0.5753407030649995,0.4246592969350005
0.31668352318922616,0.6833164768107738
0.3369756668283433,0.6630243331716568
0.598932189647197,0.40106781035280303
0.5084318107496729,0.4915681892503271
0.630050378527385,0.369949621472615
0.48694444493312866,0.5130555550668714
0.8493119579475642,0.1506880420524358
0.6006349495253076,0.3993650504746924
0.49435808449626595,0.505641915503734
0.3780949194465999,0.6219050805534001
0.32510126211113793,0.674898737888862
0.702958680161914,0.297041319838086
0.4779166801923588,0.5220833198076412
0.5036532290013424,0.49634677099865765
0.48002586931697716,0.5199741306830228
0.37997664253591906,0.620023357464081
0.3833643012499844,0.6166356987500157
0.276334554786322,0.7236654452136779
0.3993141369824543,0.6006858630175457
0.3346160166973985,0.6653839833026015
0.8331958283323397,0.16680417166766026
0.5478461809915561,0.45215381900844387
0.49087268532471773,0.5091273146752823
0.6462700878868022,0.3537299121131978
0.4591792616869199,0.5408207383130801
0.43768759890134473,0.5623124010986553
0.8157963677757561,0.18420363222424385
0.4261089829915056,0.5738910170084943
1.3989441616344727,-0.39894416163447266
0.33923448727926725,0.6607655127207328
0.27410527283698555,0.7258947271630145
0.5331357493538675,0.46686425064613246
0.689155101595117,0.31084489840488305
0.403728898031614,0.596271101968386
0.5123193876876472,0.4876806123123528
0.33093394869477205,0.669066051305228
0.39657862738055,0.60342137261945
0.615262917188911,0.384737082811089
0.41004656469251466,0.5899534353074853
0.371723602487661,0.628276397512339
0.5814317143410677,0.41856828565893234
0.47539289625875036,0.5246071037412496
0.6223636202123211,0.37763637978767894
1.049174673539449,-0.04917467353944893
0.4643062567701011,0.5356937432298989
0.3900748427964621,0.6099251572035379
0.5982014844927356,0.4017985155072644
0.4671440690521964,0.5328559309478036
0.7641539863016569,0.23584601369834313
0.6786438876049765,0.3213561123950235
0.6975218774740951,0.3024781225259049
0.6845592232436983,0.31544077675630167
0.299505789520051,0.700494210479949
0.7943747680530917,0.2056252319469083
0.5870845836578619,0.41291541634213813
0.4910911484501647,0.5089088515498352
1.2239635290675694,-0.22396352906756944
0.3688525744410166,0.6311474255589834
0.7329728649685855,0.2670271350314145
0.42568810538347873,0.5743118946165213
0.6157087452729801,0.38429125472701986
0.6622168393944122,0.3377831606055878
0.7379328135677609,0.26206718643223914
0.6337484966915081,0.3662515033084919
0.4257129100911157,0.5742870899088843
0.535523051660412,0.46447694833958797
0.5441443992019667,0.45585560079803333
0.40802130428802785,0.5919786957119721
0.6016770727026938,0.39832292729730623
0.8567822853429159,0.1432177146570841
0.7010168932418207,0.2989831067581793
0.7581344752773502,0.24186552472264977
0.5720007469318469,0.4279992530681531
0.940463112708805,0.059536887291194995
0.34795696460539205,0.652043035394608
0.32134826174364606,0.6786517382563539
0.334462223084367,0.665537776915633
0.6344518740371484,0.3655481259628516
0.7710382132094589,0.22896178679054113
0.44678809339819753,0.5532119066018024
0.8082505633567584,0.19174943664324162
0.24160997276027713,0.7583900272397228
0.45890797083522966,0.5410920291647703
0.7540079730056619,0.2459920269943381
0.3901232296965533,0.6098767703034467
0.7881240815297611,0.2118759184702389
0.49711394118160723,0.5028860588183928
0.9523663661538463,0.04763363384615371
0.590866903683874,0.40913309631612604
0.45403832176594,0.5459616782340599
0.6291197391782712,0.37088026082172876
0.8256812329272846,0.17431876707271543
0.6659192572049183,0.3340807427950817
0.8606446867710487,0.13935531322895134
0.5134553981193727,0.4865446018806273
0.3402505392275039,0.6597494607724961
0.5884172290659393,0.4115827709340607
0.5353286062516532,0.46467139374834676
0.6985021418544365,0.3014978581455635
0.6963300361822922,0.30366996381770783
0.5067565600211322,0.49324343997886777
0.6771775929030523,0.32282240709694765
0.4130791035830704,0.5869208964169297
0.32249967891638753,0.6775003210836125
0.858281706751034,0.141718293248966
0.9947362825159849,0.005263717484015107
0.4303300121735151,0.5696699878264849
0.35145947411034445,0.6485405258896555
1.1039374627553609,-0.10393746275536087
0.49056494346628887,0.5094350565337111
0.29441391064300976,0.7055860893569903
0.40809039187373536,0.5919096081262647
0.44271004164510736,0.5572899583548927
0.5443108056392396,0.4556891943607604
0.8318415142753803,0.16815848572461967
0.7257677188705997,0.27423228112940035
0.7617378489848342,0.2382621510151658
0.38435581964999804,0.6156441803500019
0.7471965989110224,0.2528034010889776
0.5166160764356988,0.48338392356430115
0.4124291013953954,0.5875708986046047
0.6126332310527602,0.38736676894723976
0.40478138791301094,0.5952186120869891
0.6014801094744865,0.3985198905255135
0.4425966580599548,0.5574033419400453
0.4698927478230025,0.5301072521769975
0.5839997251826874,0.4160002748173126
0.34170582028443836,0.6582941797155617
0.3997876526071546,0.6002123473928453
0.4363646615295771,0.5636353384704229
0.4863935574185377,0.5136064425814624
0.48025329796918187,0.5197467020308182
0.5792790479308184,0.4207209520691816
0.4732927630669417,0.5267072369330583
0.5847141041991343,0.4152858958008657
0.5219843433638102,0.47801565663618983
0.8359708626674115,0.1640291373325885
0.609327209569459,0.39067279043054104
0.8651099522366686,0.13489004776333136
1.1699722059796769,-0.16997220597967688
0.6161530605724524,0.38384693942754755
0.36804196456260224,0.6319580354373977
0.3577078203855494,0.6422921796144506
0.40314219101386284,0.5968578089861372
0.48766504397193244,0.5123349560280676
0.6729665254996529,0.32703347450034714
0.4022490680519312,0.5977509319480687
0.5359681452744354,0.46403185472556463
0.8215624753984749,0.17843752460152507
0.35069006818028614,0.6493099318197139
0.4168180134123118,0.5831819865876882
0.42753075435358606,0.572469245646414
0.7554970610152979,0.2445029389847021
0.4499830147165946,0.5500169852834054
0.5477839562329981,0.45221604376700186
1.4814448799916118,-0.4814448799916118
0.46864031699086034,0.5313596830091396
0.49450243771718017,0.5054975622828198
0.7133405666746825,0.2866594333253175
0.8121133275223842,0.1878866724776158
0.42370966220688905,0.576290337793111
0.5022820360795033,0.4977179639204967
1.0522029965034942,-0.05220299650349425
0.6238820865124987,0.37611791348750134
0.5606847662636337,0.4393152337363663
0.730393882642154,0.269606117357846
0.805367160816506,0.19463283918349406
0.5356490352864013,0.4643509647135987
0.49374077646273357,0.5062592235372665
0.5030208338696789,0.4969791661303211
0.7403207557478259,0.25967924425217415
0.6058387158073176,0.39416128419268237
0.36231940931986545,0.6376805906801346
0.7490073260786106,0.25099267392138935
0.5849200821439473,0.4150799178560527
0.5020110020711711,0.4979889979288289
0.6712514413193634,0.32874855868063657
0.36806496431113345,0.6319350356888666
0.6824064834373506,0.31759351656264945
0.43070521873330786,0.5692947812666922
1.0281910436209671,-0.028191043620967138
0.3831040024796261,0.6168959975203738
0.7744118773034329,0.22558812269656714
0.4923836662544069,0.5076163337455931
0.40038879977967073,0.5996112002203293
0.4712613513332417,0.5287386486667582
0.6579528775179921,0.34204712248200786
0.3506635525528462,0.6493364474471538
0.6295635548139257,0.3704364451860743
0.6433261199148129,0.3566738800851871
0.4108706259060641,0.5891293740939358
0.6453510272332902,0.3546489727667098
1.091397558581881,-0.09139755858188092
0.6074766998479127,0.39252330015208725
0.43356735439763433,0.5664326456023656
0.41293903113687974,0.5870609688631203
0.7827793030732497,0.21722069692675028
0.7304626392485196,0.2695373607514804
0.5362199109011617,0.4637800890988383
0.9397082480572916,0.060291751942708416
0.3493454820770738,0.6506545179229262
0.6171618685483661,0.3828381314516339
0.8367470727090032,0.16325292729099683
0.5158527122664663,0.48414728773353366
0.969553782493573,0.030446217506426954
0.6065252315841146,0.39347476841588536
0.704525435752573,0.295474564247427
0.42826309166125615,0.5717369083387438
0.36225207602963566,0.6377479239703643
0.3898088303435414,0.6101911696564586
0.6018610281472343,0.3981389718527657
0.7628149336216962,0.23718506637830383
0.3784070583726645,0.6215929416273356
0.3426790139839227,0.6573209860160774
0.5076353763444623,0.4923646236555377
0.5012746838640257,0.49872531613597426
0.4876218003977344,0.5123781996022656
0.42938769495978824,0.5706123050402118
0.5175708206839318,0.4824291793160682
0.5106726759896204,0.4893273240103796
0.3664535579007934,0.6335464420992065
0.419965806819648,0.580034193180352
0.43686730276329244,0.5631326972367076
0.3292105898077665,0.6707894101922335
0.5893675329864773,0.41063246701352274
0.3632886881678707,0.6367113118321293
0.3679033112052305,0.6320966887947694
0.5989781163762143,0.40102188362378566
0.44037647549822273,0.5596235245017773
0.4712801004315658,0.5287198995684341
0.45094594303571733,0.5490540569642827
0.81534411402837,0.18465588597162996
0.4775011369204863,0.5224988630795138
0.3649405339254294,0.6350594660745705
0.4615676586857303,0.5384323413142698
0.3978336230748474,0.6021663769251526
0.36203451220953686,0.6379654877904631
0.7801978049548225,0.2198021950451775
0.4299856701062317,0.5700143298937683
0.32399640627491455,0.6760035937250854
0.6573094441366655,0.3426905558633345
0.547491136374485,0.452508863625515
0.5748908290566367,0.4251091709433633
0.3281355437501574,0.6718644562498426
0.3743400193551176,0.6256599806448824
0.7775884071334994,0.22241159286650058
0.7244698781108259,0.27553012188917414
0.6398894702769046,0.36011052972309543
0.40988698941665097,0.590113010583349
0.716548950329052,0.28345104967094803
0.5310454475310885,0.4689545524689115
0.4669609629821439,0.5330390370178562
0.6298647084622154,0.37013529153778457
0.530499007657921,0.469500992342079
0.595994126896889,0.404005873103111
0.48336754327251014,0.5166324567274898
0.43007303398896746,0.5699269660110325
0.38529033180510097,0.614709668194899
0.862723016146516,0.13727698385348397
1.147796664636722,-0.14779666463672192
0.9174570128392173,0.08254298716078268
0.82510772420742,0.17489227579258004
0.771408907340725,0.22859109265927502
0.5004609551780361,0.4995390448219639
0.5299921589960381,0.47000784100396187
0.572500331993041,0.42749966800695904
0.8258490223889985,0.1741509776110015
0.497747084784552,0.502252915215448
0.5081725192554425,0.4918274807445575
0.59551843407043,0.40448156592956996
0.4549321306911454,0.5450678693088546
0.3689930014362821,0.6310069985637179
0.45192201427591205,0.548077985724088
1.2104194796986096,-0.21041947969860963
0.5303129337890331,0.4696870662109669
0.9305974892680356,0.06940251073196435
1.465723018109339,-0.465723018109339
0.5882839315794083,0.4117160684205917
0.32947336207920064,0.6705266379207994
0.3881176933316096,0.6118823066683904
0.7485854910118853,0.2514145089881147
0.45236916793802956,0.5476308320619705
0.2481896867707786,0.7518103132292214
1.066961605292085,-0.06696160529208495
0.3304899649446713,0.6695100350553287
0.5516840546274986,0.4483159453725014
0.5373168600389404,0.4626831399610596
0.4153240771785149,0.5846759228214851
0.5115840306655856,0.48841596933441445
0.8020878819760993,0.19791211802390074
0.7440513063421016,0.2559486936578984
0.5437143482953964,0.45628565170460356
0.7635598957444604,0.23644010425553963
0.33155438396187925,0.6684456160381207
0.6573151862084116,0.34268481379158844
0.6058933825032797,0.39410661749672027
0.31381539918966084,0.6861846008103392
0.5330606250184536,0.46693937498154636
0.5453818806704461,0.45461811932955387
0.4471809859116005,0.5528190140883995
0.6189754160785393,0.38102458392146066
0.5051267028333206,0.4948732971666794
0.5980570957691892,0.4019429042308108
0.5862532453282625,0.4137467546717375
0.41825005733290005,0.5817499426671
0.30298510409833485,0.6970148959016651
0.5960028753085,0.40399712469149995
0.43240295517568283,0.5675970448243172
1.2218948280998674,-0.22189482809986738
0.8284078282691542,0.17159217173084584
0.5539164455138694,0.4460835544861306
0.5034960903226489,0.49650390967735114
0.5649566295124446,0.43504337048755537
0.49748392597640745,0.5025160740235926
0.6753868217126477,0.32461317828735226
0.6361862212204036,0.3638137787795964
0.38370699050755613,0.6162930094924439
0.43645531393951537,0.5635446860604847
0.7374996300872554,0.2625003699127446
0.9455360873719384,0.054463912628061606
0.48487592294589277,0.5151240770541072
0.447370287587623,0.552629712412377
0.5644888409987906,0.4355111590012094
0.6905651383202203,0.30943486167977974
0.5658325350997808,0.4341674649002192
0.6236554256231205,0.3763445743768795
0.6076181086580476,0.39238189134195245
0.31376954103393684,0.6862304589660632
1.0586392894746663,-0.058639289474666345
0.4592515882691192,0.5407484117308807
0.33987870717757057,0.6601212928224294
0.35424918156001345,0.6457508184399865
0.5849911801232796,0.41500881987672045
1.0835726917940682,-0.08357269179406823
0.3709200295038755,0.6290799704961245
0.6345526511833365,0.3654473488166635
0.4840222840375387,0.5159777159624612
0.7720904144132978,0.22790958558670216
0.4783835066333757,0.5216164933666243
0.5548924944231604,0.44510750557683965
0.6774123811600328,0.3225876188399672
0.645194174630767,0.354805825369233
0.8239169590892793,0.1760830409107207
0.791012692826985,0.20898730717301495
0.5348892359959063,0.4651107640040937
0.405135530566476,0.594864469433524
0.7682358335320587,0.2317641664679413
0.592563450538842,0.40743654946115804
0.5091415899036029,0.4908584100963971
0.4358605906680389,0.5641394093319612
0.5786288001386412,0.42137119986135885
0.4976997320131147,0.5023002679868853
0.618068953425477,0.38193104657452304
0.40127415009256173,0.5987258499074383
0.4739888495704497,0.5260111504295504
0.5662676953590178,0.4337323046409822
0.4998117516690524,0.5001882483309477
0.4958944510685989,0.504105548931401
0.5113246930617802,0.4886753069382198
0.6581407758266076,0.34185922417339243
0.4114049754453273,0.5885950245546727
0.3888411674678796,0.6111588325321204
0.6510118864064084,0.3489881135935916
0.45089158048208405,0.5491084195179159
0.3903773639999481,0.6096226360000518
0.3833712674943204,0.6166287325056796
0.4927188862379224,0.5072811137620776
0.2665152027196042,0.7334847972803957
0.6716934564998751,0.3283065435001249
0.42880437157291257,0.5711956284270874
0.4317646231576866,0.5682353768423134
0.43346121801081416,0.5665387819891858
0.31004624448983503,0.6899537555101649
0.7540923497310906,0.24590765026890937
0.5333966868030638,0.46660331319693615
0.7558591230048908,0.24414087699510922
0.6978870138909566,0.30211298610904336
1.0794478478429552,-0.07944784784295522
0.3924145825822689,0.6075854174177311
