iter	Accuracy	Logloss
0	0.862875	0.6837007446
1	0.867	0.6744855957
2	0.865	0.666357666
3	0.862	0.6583928223
4	0.8625	0.6500087891
5	0.862875	0.6417185059
6	0.861375	0.6343754272
7	0.862	0.6271987915
8	0.8625	0.619928833
9	0.86275	0.6127471313
10	0.862875	0.6067590942
11	0.86225	0.600380127
12	0.862	0.5940092163
13	0.86225	0.588248291
14	0.860375	0.5820092773
15	0.860625	0.5758140869
16	0.861625	0.5700258789
17	0.862625	0.5640441284
18	0.862625	0.5585144653
19	0.862	0.5533383789
20	0.862	0.5480157471
21	0.862	0.5430682983
22	0.862375	0.5382905273
23	0.862375	0.5333919067
24	0.863125	0.5279556274
25	0.862625	0.523647522
26	0.86275	0.5193612671
27	0.862625	0.5147811279
28	0.86275	0.5109994202
29	0.863125	0.5065815125
30	0.86325	0.5018943787
31	0.8635	0.4978184509
32	0.863375	0.4942018738
33	0.863125	0.4912897339
34	0.862875	0.4877862244
35	0.863	0.4839581604
36	0.862625	0.4810075378
37	0.863375	0.4774573059
38	0.8635	0.4746610107
39	0.863625	0.4707697754
40	0.86375	0.4678179321
41	0.86375	0.4646456604
42	0.863625	0.4615973206
43	0.8635	0.4586212158
44	0.8635	0.4555139771
45	0.86325	0.4528215332
46	0.8635	0.4502700195
47	0.86325	0.4474631958
48	0.8635	0.4444671631
49	0.863625	0.4417911987
50	0.86375	0.4389997559
51	0.864125	0.4368607483
52	0.864	0.4346141663
53	0.864	0.4320377502
54	0.8655	0.4296560669
55	0.865	0.4274727783
56	0.864875	0.4259519958
57	0.864875	0.4242640381
58	0.865125	0.4217236023
59	0.8645	0.4200956421
60	0.864625	0.4180360107
61	0.864125	0.4161571045
62	0.8645	0.4145709839
63	0.864125	0.4128499756
64	0.864375	0.411631958
65	0.864375	0.4102721252
66	0.864625	0.4084048767
67	0.864375	0.4071435547
68	0.864625	0.4055820923
69	0.8645	0.403725647
70	0.864375	0.4023659973
71	0.8645	0.4009670715
72	0.864125	0.3992434082
73	0.865125	0.3979875488
74	0.86475	0.3966738586
75	0.86475	0.3956733398
76	0.864875	0.3946532288
77	0.864625	0.3931679382
78	0.86475	0.3922034912
79	0.864625	0.3909592896
80	0.86475	0.3897462769
81	0.864875	0.3883528442
82	0.8645	0.3873999023
83	0.8645	0.3864942932
84	0.8645	0.3855433044
85	0.864375	0.3845948486
86	0.864375	0.3835040894
87	0.864125	0.3822529907
88	0.86425	0.3813253479
89	0.863875	0.3799244995
90	0.86425	0.3786521301
91	0.8645	0.3776808167
92	0.86375	0.3766502075
93	0.864125	0.3756001587
94	0.863875	0.374901825
95	0.864125	0.3740482788
96	0.864125	0.3731661682
97	0.864625	0.372470459
98	0.8645	0.371710968
99	0.864375	0.3706262817
100	0.86475	0.3698019104
101	0.86475	0.36896698
102	0.86475	0.3679786987
103	0.864625	0.3672927246
104	0.86525	0.3663150635
105	0.865375	0.3654370728
106	0.865125	0.3645393982
107	0.865	0.3638362122
108	0.864875	0.3634234619
109	0.86475	0.3628782959
110	0.86475	0.3622185364
111	0.864625	0.3615888367
112	0.865125	0.3606884766
113	0.865125	0.3602800293
114	0.865125	0.3593928223
115	0.86525	0.3588244934
116	0.8655	0.358111145
117	0.8655	0.3575773621
118	0.865625	0.357027771
119	0.86575	0.3562227478
120	0.865875	0.3554067688
121	0.866125	0.3545648499
122	0.86625	0.3540326843
123	0.866125	0.3533678894
124	0.866375	0.3528838501
125	0.8665	0.3522010193
126	0.8665	0.3517224121
127	0.866625	0.3512791748
128	0.8665	0.3508859558
129	0.8665	0.3503798828
130	0.866625	0.3498468628
131	0.8665	0.3491985168
132	0.8665	0.3488836365
133	0.8665	0.3485036621
134	0.866375	0.3481773682
135	0.8665	0.3475144653
136	0.86675	0.3470960693
137	0.8665	0.346774353
138	0.867125	0.3461476746
139	0.867125	0.3458177185
140	0.866875	0.3455569458
141	0.866625	0.3451688843
142	0.866875	0.3446442566
143	0.86725	0.3442395935
144	0.86725	0.3440083618
145	0.867375	0.3436111145
146	0.86775	0.3430839844
147	0.867625	0.342535614
148	0.867625	0.3421784668
149	0.86775	0.3418890381
150	0.86775	0.3415634766
151	0.867875	0.3410004883
152	0.867875	0.3407510681
153	0.867875	0.3402548828
154	0.868	0.3399436035
155	0.867875	0.3396426392
156	0.868125	0.3392736816
157	0.868	0.3391190796
158	0.868125	0.3388477783
159	0.868	0.3385747986
160	0.868	0.338193634
161	0.868	0.3379188538
162	0.868375	0.3377307129
163	0.868375	0.3375265198
164	0.8685	0.3372012329
165	0.86875	0.3367766113
166	0.868625	0.3366598206
167	0.869	0.33627771
168	0.86875	0.3361738281
169	0.86875	0.33595047
170	0.868875	0.3355016479
171	0.869	0.3353260193
172	0.869125	0.3351975098
173	0.869125	0.3350266724
174	0.869125	0.3348027954
175	0.868875	0.3345047607
176	0.86925	0.3341322632
177	0.869375	0.3337703857
178	0.8695	0.3335930176
179	0.8695	0.3332079468
180	0.8695	0.3330435181
181	0.869625	0.3328222961
182	0.869625	0.3326947327
183	0.86975	0.3325294189
184	0.869625	0.3324033203
185	0.869625	0.3320945129
186	0.869625	0.3317280273
187	0.8695	0.3315190125
188	0.8695	0.331332428
189	0.869625	0.3310686035
190	0.8695	0.3306721497
191	0.86975	0.3304685364
192	0.869875	0.3301134949
193	0.869875	0.3297728577
194	0.870125	0.3296868896
195	0.87025	0.3295462952
196	0.870125	0.3294632874
197	0.87025	0.3292088623
198	0.87025	0.3289198608
199	0.870125	0.3288237915
200	0.87025	0.3287130737
201	0.87025	0.3286506348
202	0.87025	0.3282323914
203	0.870125	0.3279655457
204	0.870125	0.3277954407
205	0.870125	0.327584259
206	0.870125	0.3272880859
207	0.870125	0.3271072083
208	0.87025	0.3269423523
209	0.87025	0.3267290649
210	0.87025	0.3264926758
211	0.870625	0.3263324585
212	0.870625	0.3261707764
213	0.87075	0.3260247803
214	0.87075	0.325912384
215	0.870875	0.32574823
216	0.87075	0.325573822
217	0.870625	0.325391571
218	0.870875	0.3252444763
219	0.87075	0.3251589966
220	0.87075	0.3251200867
221	0.87075	0.3250302124
222	0.870875	0.3248080444
223	0.871	0.3247259521
224	0.87075	0.3246352539
225	0.87075	0.3245141296
226	0.87075	0.3243401489
227	0.870875	0.324215271
228	0.871125	0.3241453247
229	0.87125	0.3239927063
230	0.87125	0.3238557129
231	0.87125	0.323786377
232	0.87125	0.3237143555
233	0.871	0.3236394348
234	0.871125	0.323598999
235	0.87125	0.3232724915
236	0.87125	0.3232125244
237	0.871125	0.3231467896
238	0.87125	0.3229404297
239	0.8715	0.3227744141
240	0.87125	0.3227028503
241	0.8715	0.3226330261
242	0.871375	0.3225554199
243	0.871375	0.3223785706
244	0.87175	0.3222268372
245	0.8715	0.3220253296
246	0.8715	0.3219733887
247	0.871375	0.3218047485
248	0.871375	0.321760437
249	0.87125	0.321699707
250	0.871375	0.3216237793
251	0.871375	0.321543457
252	0.871625	0.3214582214
253	0.871625	0.3214202271
254	0.871625	0.3213465271
255	0.871625	0.3212745667
256	0.8715	0.321216095
257	0.8715	0.3211290588
258	0.871625	0.3208855286
259	0.871625	0.320692749
260	0.871625	0.3206441956
261	0.87175	0.3205887451
262	0.871625	0.3203470764
263	0.87175	0.3201291809
264	0.87175	0.319928772
265	0.87175	0.3198312683
266	0.871625	0.319730957
267	0.871875	0.3194619141
268	0.871875	0.3192749023
269	0.871875	0.3192036133
270	0.871875	0.3191486816
271	0.871875	0.3190794067
272	0.872	0.3190229492
273	0.87175	0.3189589539
274	0.87175	0.3188835754
275	0.87175	0.3188582764
276	0.872125	0.318711731
277	0.872125	0.3186682739
278	0.87225	0.3185215759
279	0.872125	0.3184398804
280	0.871875	0.3182750854
281	0.87175	0.3182513428
282	0.871625	0.3181524048
283	0.871625	0.3180188599
284	0.87175	0.3179724426
285	0.871875	0.3178927612
286	0.87225	0.3177646179
287	0.872	0.317600647
288	0.87225	0.3175406494
289	0.87225	0.3174379883
290	0.872125	0.3174171143
291	0.8725	0.3171495361
292	0.8725	0.3171052246
293	0.872375	0.3169798584
294	0.872375	0.3169364929
295	0.872375	0.3168598328
296	0.872625	0.3167735901
297	0.872375	0.3167252502
298	0.872375	0.3166011658
299	0.872375	0.3165553894
300	0.872375	0.3164223633
301	0.872375	0.3163657837
302	0.872375	0.316347229
303	0.872375	0.3163200989
304	0.872375	0.3162877197
305	0.87225	0.316068634
306	0.872375	0.316032135
307	0.872375	0.3160033569
308	0.872375	0.3158394775
309	0.8725	0.3158066406
310	0.8725	0.3157257996
311	0.8725	0.3156730957
312	0.8725	0.315592926
313	0.87275	0.3155623779
314	0.87275	0.3155463257
315	0.87275	0.3154946594
316	0.87275	0.3154491577
317	0.87275	0.3154338379
318	0.872875	0.3152687378
319	0.87275	0.3152479248
320	0.872875	0.3152307129
321	0.872875	0.3151730652
322	0.872875	0.3151526184
323	0.872875	0.3151206055
324	0.873	0.3150171814
325	0.873	0.3148599243
326	0.873	0.314844635
327	0.873125	0.314745636
328	0.873125	0.3147306519
329	0.872875	0.3147235107
330	0.873125	0.3146990051
331	0.873	0.3146455078
332	0.873125	0.3145965271
333	0.87325	0.31456073
334	0.873125	0.314530426
335	0.87325	0.3143685303
336	0.87325	0.3142218018
337	0.873125	0.3140609741
338	0.8735	0.313920166
339	0.873625	0.3137829285
340	0.8735	0.3137704163
341	0.8735	0.3137375488
342	0.8735	0.3137035828
343	0.8735	0.3136891479
344	0.8735	0.3136607971
345	0.87375	0.3136369324
346	0.8735	0.3135090027
347	0.873375	0.3134022522
348	0.873375	0.3133905334
349	0.873375	0.3133590698
350	0.873375	0.3133144531
351	0.873375	0.3132379456
352	0.873375	0.3131196899
353	0.873375	0.3130830383
354	0.873375	0.312976532
355	0.8735	0.3128236084
356	0.8735	0.3128035278
357	0.8735	0.3126925659
358	0.873375	0.3126096191
359	0.873375	0.3125297241
360	0.873375	0.3124647522
361	0.873625	0.3124209595
362	0.873625	0.3123226013
363	0.87375	0.3123040161
364	0.87375	0.312270752
365	0.873875	0.3121833801
366	0.873875	0.3121779175
367	0.87375	0.3121142273
368	0.873625	0.3120959778
369	0.873625	0.3120843201
370	0.873625	0.3120600586
371	0.873625	0.3120521851
372	0.873625	0.3120375977
373	0.873625	0.3120033875
374	0.873625	0.3119507751
375	0.873625	0.3119454651
376	0.873875	0.311862915
377	0.873625	0.3117581177
378	0.8735	0.3116681824
379	0.8735	0.3115678406
380	0.8735	0.3115435486
381	0.873375	0.3115220337
382	0.8735	0.3115093384
383	0.873375	0.311436676
384	0.8735	0.3113640137
385	0.873625	0.3113126831
386	0.873625	0.3113067322
387	0.87375	0.3112756958
388	0.873625	0.3112490234
389	0.873625	0.3112335815
390	0.873625	0.3111357422
391	0.87375	0.3111053162
392	0.873875	0.3110813599
393	0.874125	0.31105896
394	0.874125	0.3109620972
395	0.874125	0.3109145508
396	0.874125	0.3108209534
397	0.874125	0.3107995605
398	0.874125	0.3107780151
399	0.874125	0.3106935425
400	0.874125	0.3106796875
401	0.874125	0.3106535034
402	0.874	0.3106300659
403	0.874125	0.3106140747
404	0.874	0.3104065857
405	0.874	0.3103797913
406	0.874	0.3103731689
407	0.874	0.3103504944
408	0.874	0.3103262939
409	0.874125	0.3103109436
410	0.874125	0.3102157898
411	0.874125	0.3101528015
412	0.87425	0.3101342163
413	0.87425	0.3101057129
414	0.87425	0.3101044312
415	0.87425	0.3100863647
416	0.87425	0.3100832825
417	0.874375	0.3099230957
418	0.874375	0.3099129944
419	0.874375	0.3098685913
420	0.874375	0.3098662415
421	0.87425	0.3098406677
422	0.87425	0.3098169861
423	0.87425	0.3098033142
424	0.874125	0.3097810669
425	0.87425	0.3097528076
426	0.874375	0.309675293
427	0.874375	0.3096442871
428	0.8745	0.3095107422
429	0.8745	0.3094872437
430	0.874375	0.3094803162
431	0.874375	0.3094542847
432	0.874375	0.309428009
433	0.8745	0.3093971863
434	0.8745	0.3093671875
435	0.8745	0.309352478
436	0.8745	0.3091253662
437	0.8745	0.3091116943
438	0.874375	0.3090829468
439	0.874375	0.3090736389
440	0.874375	0.3090533142
441	0.874375	0.3090391235
442	0.874375	0.308949646
443	0.87475	0.3088154297
444	0.87475	0.3087609253
445	0.874625	0.30870755
446	0.87475	0.3086068115
447	0.874875	0.3085812988
448	0.87475	0.308532074
449	0.874875	0.3084269104
450	0.87475	0.308423645
451	0.87475	0.3083908691
452	0.87475	0.3082606812
453	0.87475	0.3082597046
454	0.87475	0.3082207947
455	0.87475	0.3081675415
456	0.87475	0.308150238
457	0.874875	0.3081081238
458	0.874875	0.3080993958
459	0.874875	0.3080612183
460	0.874875	0.3079949646
461	0.87475	0.3079798279
462	0.87475	0.3079407043
463	0.874875	0.3079325256
464	0.874875	0.3079204712
465	0.87475	0.3079017029
466	0.874875	0.3078878784
467	0.874875	0.3077746887
468	0.874875	0.3077589111
469	0.874875	0.3077339783
470	0.874875	0.3077283936
471	0.87525	0.3076769409
472	0.875	0.3076112061
473	0.875	0.3075836487
474	0.875	0.30757901
475	0.874875	0.3075568848
476	0.874875	0.3074901733
477	0.874875	0.3074803772
478	0.874875	0.30747052
479	0.875	0.3074105835
480	0.875	0.307401123
481	0.875	0.3073119507
482	0.875	0.307306366
483	0.875	0.3072781372
484	0.875	0.3072221375
485	0.874875	0.3071582336
486	0.874875	0.3071557007
487	0.874875	0.3071220703
488	0.874875	0.3071132812
489	0.875	0.3070010681
490	0.875	0.3069712524
491	0.875125	0.3069202881
492	0.875375	0.3068596802
493	0.875375	0.3068320618
494	0.8755	0.306780304
495	0.875375	0.3067532349
496	0.875375	0.306748291
497	0.875375	0.306734375
498	0.875375	0.3067305298
499	0.875375	0.3067163696
500	0.875375	0.3066055298
501	0.875375	0.3065997925
502	0.87525	0.3065341187
503	0.875375	0.3065084534
504	0.875375	0.3064869385
505	0.875375	0.3064719543
506	0.8755	0.306416626
507	0.875375	0.306406189
508	0.875125	0.3063417053
509	0.87525	0.3063339539
510	0.87525	0.3062717896
511	0.87525	0.3062670288
512	0.875375	0.3062288818
513	0.875375	0.306214447
514	0.875375	0.3061355286
515	0.875375	0.3061309814
516	0.875375	0.3061250916
517	0.875375	0.3060002441
518	0.875375	0.3059146118
519	0.875375	0.3058602905
520	0.875375	0.3057894287
521	0.875375	0.3056930542
522	0.8755	0.3056080322
523	0.875375	0.305598114
524	0.8755	0.3055681152
525	0.87575	0.3055477295
526	0.875625	0.3055195923
527	0.87575	0.3054621277
528	0.875625	0.3054529724
529	0.875625	0.3053783569
530	0.875875	0.3051148071
531	0.875875	0.3051026917
532	0.876125	0.3050809021
533	0.876125	0.3050736694
534	0.876125	0.3050450745
535	0.876125	0.3050172119
536	0.876125	0.3049375305
537	0.87625	0.3048189087
538	0.87625	0.3047727966
539	0.87625	0.3047481384
540	0.87625	0.3046915588
541	0.876125	0.3045563965
542	0.87625	0.3045091858
543	0.87625	0.3044893799
544	0.876375	0.304447876
545	0.876375	0.3044015503
546	0.876375	0.3043936768
547	0.87625	0.3043678894
548	0.87625	0.304322052
549	0.87625	0.3043063965
550	0.876125	0.3042991943
551	0.876125	0.3042779541
552	0.876125	0.3042541199
553	0.87625	0.3042451172
554	0.876125	0.3042268677
555	0.876125	0.3041867676
556	0.87625	0.304102417
557	0.87625	0.3040759888
558	0.87625	0.3039741821
559	0.87625	0.3039586792
560	0.87625	0.3039555359
561	0.87625	0.3039146423
562	0.87625	0.3038861389
563	0.87625	0.3038488159
564	0.87625	0.3037573547
565	0.87625	0.3036939087
566	0.87625	0.3036611938
567	0.87625	0.3036494141
568	0.876375	0.3035379333
569	0.876375	0.3035283203
570	0.8765	0.3034936523
571	0.876625	0.3034775696
572	0.876625	0.3034021301
573	0.876625	0.3033875122
574	0.876625	0.3033830566
575	0.876375	0.3033354492
576	0.876375	0.303307312
577	0.876375	0.3032778931
578	0.876375	0.303164032
579	0.876375	0.3030672302
580	0.876375	0.3030639038
581	0.876375	0.3030501099
582	0.876375	0.3030274353
583	0.8765	0.3029779053
584	0.8765	0.3029672241
585	0.8765	0.302920929
586	0.8765	0.3029199524
587	0.876625	0.3026417847
588	0.8765	0.3025196838
589	0.876625	0.3024943237
590	0.876625	0.3024836426
591	0.87675	0.3023997192
592	0.87675	0.3023941956
593	0.876625	0.3023641968
594	0.8765	0.3023407898
595	0.8765	0.3023004456
596	0.8765	0.3022394714
597	0.876375	0.3021820068
598	0.8765	0.3020564575
599	0.8765	0.3020368958
600	0.876625	0.3019432373
601	0.876625	0.301855957
602	0.876625	0.3018552856
603	0.87675	0.3018126221
604	0.876625	0.3017969971
605	0.876625	0.3017579956
606	0.876625	0.3016980591
607	0.876625	0.3016833191
608	0.87675	0.3016586914
609	0.87675	0.3016346741
610	0.876625	0.3016177673
611	0.876625	0.3015713196
612	0.87675	0.3014873657
613	0.87675	0.3014769287
614	0.877	0.3013995361
615	0.877	0.3013936157
616	0.876875	0.3012834778
617	0.876875	0.3012780457
618	0.877	0.3012532959
619	0.877125	0.3011645203
620	0.877125	0.3011473999
621	0.877125	0.3011246338
622	0.877125	0.3011211853
623	0.877125	0.30104776
624	0.877375	0.3010262451
625	0.877375	0.3010205078
626	0.877375	0.3010001221
627	0.877375	0.3009920044
628	0.877375	0.30098349
629	0.877375	0.3009466248
630	0.877375	0.3008746338
631	0.877375	0.3008544922
632	0.87725	0.3008248901
633	0.87725	0.300817688
634	0.877375	0.3007783813
635	0.877375	0.3007440796
636	0.877375	0.3005874939
637	0.87725	0.300559845
638	0.877375	0.3005340576
639	0.877375	0.3005236511
640	0.8775	0.3004168091
641	0.877625	0.3002949219
642	0.877625	0.3002850647
643	0.877625	0.3002644348
644	0.877625	0.3002527771
645	0.87775	0.3002058411
646	0.87775	0.300184906
647	0.877625	0.3000952454
648	0.877625	0.3000829163
649	0.8775	0.3000777588
650	0.87775	0.3000400696
651	0.87775	0.3000305786
652	0.87775	0.29991745
653	0.877625	0.2998528137
654	0.877875	0.2998021851
655	0.877875	0.2997921448
656	0.877875	0.2997770996
657	0.877875	0.2997346497
658	0.878125	0.29966745
659	0.877875	0.2996508179
660	0.877875	0.299645813
661	0.877625	0.2996304321
662	0.87775	0.2996026917
663	0.87775	0.2995985718
664	0.878	0.2995300293
665	0.878	0.2994532471
666	0.877875	0.2994474792
667	0.877875	0.2994464417
668	0.877875	0.2994286499
669	0.87775	0.2993848267
670	0.87775	0.2993790894
671	0.878125	0.2993341675
672	0.878125	0.299296814
673	0.87825	0.2992435913
674	0.87825	0.2992380371
675	0.878125	0.2991729431
676	0.878125	0.2991651001
677	0.878125	0.2991565857
678	0.878125	0.2991420898
679	0.87825	0.2991352844
680	0.878125	0.2990661621
681	0.878125	0.2990443115
682	0.878375	0.2989368286
683	0.878875	0.2988770447
684	0.8785	0.2988486938
685	0.8785	0.2988278503
686	0.8785	0.2988029175
687	0.878375	0.2987865906
688	0.8785	0.298776825
689	0.878625	0.2987289124
690	0.87875	0.2986927795
691	0.87875	0.2985947571
692	0.87875	0.2985942383
693	0.87875	0.2985921021
694	0.87875	0.2985168457
695	0.879	0.2984404907
696	0.879	0.2984208679
697	0.879	0.2983632813
698	0.879	0.298358551
699	0.879	0.2983547363
700	0.879	0.2983398438
701	0.878875	0.2982749023
702	0.87875	0.2982584229
703	0.87875	0.2981589355
704	0.87875	0.2981567993
705	0.87875	0.298064209
706	0.878875	0.2979602356
707	0.879	0.2979346313
708	0.878875	0.2978493652
709	0.878875	0.2978460388
710	0.87875	0.2977200928
711	0.87875	0.2976762085
712	0.878875	0.2976488037
713	0.878875	0.2976177979
714	0.878875	0.2976143494
715	0.879	0.2976101379
716	0.87875	0.2975717468
717	0.878875	0.2975695496
718	0.87875	0.2975545349
719	0.879	0.297544281
720	0.879125	0.2975053101
721	0.879	0.2974238586
722	0.879	0.2974212341
723	0.879	0.2974196167
724	0.879	0.2973791199
725	0.879125	0.2973449097
726	0.87925	0.2973120728
727	0.87925	0.2972204285
728	0.879125	0.2970710144
729	0.879125	0.2970682983
730	0.879125	0.2970476685
731	0.878875	0.296968689
732	0.879125	0.2968610229
733	0.87925	0.2968551636
734	0.879	0.296803894
735	0.879	0.2968023376
736	0.878875	0.2967880859
737	0.879125	0.2967168274
738	0.879	0.2967060242
739	0.879	0.2966603699
740	0.879	0.2966541138
741	0.879	0.2966073914
742	0.87925	0.2965681152
743	0.879125	0.2965645447
744	0.879125	0.2965100708
745	0.879125	0.296508728
746	0.879125	0.2964848022
747	0.879125	0.2964556885
748	0.879125	0.2964499817
749	0.879125	0.2964425964
750	0.879125	0.2964093628
751	0.87925	0.296399231
752	0.87925	0.2961997375
753	0.87925	0.2961144409
754	0.87925	0.2960513916
755	0.87925	0.2960278625
756	0.879375	0.2959577637
757	0.879625	0.2959399719
758	0.879625	0.2959396362
759	0.87975	0.2959246826
760	0.879625	0.2958883667
761	0.87975	0.2958850098
762	0.87975	0.2958491821
763	0.87975	0.2958466797
764	0.87975	0.2958410034
765	0.87975	0.2958328247
766	0.87975	0.2957711792
767	0.87975	0.2957678833
768	0.879875	0.295750061
769	0.87975	0.2957445068
770	0.87975	0.2957210999
771	0.87975	0.2956881714
772	0.880125	0.2956276855
773	0.88	0.2955944519
774	0.880125	0.2955335999
775	0.880125	0.295519104
776	0.880125	0.2954559937
777	0.880125	0.295441864
778	0.880125	0.295434845
779	0.88025	0.2954095459
780	0.88025	0.2953321838
781	0.880125	0.2953293762
782	0.880125	0.2953218994
783	0.880125	0.295318573
784	0.880125	0.2953033447
785	0.880125	0.2952780457
786	0.88025	0.2952477417
787	0.880375	0.2952071228
788	0.88025	0.295137146
789	0.88025	0.2950663147
790	0.880125	0.2950130615
791	0.880125	0.2949546814
792	0.880125	0.2949447021
793	0.88025	0.2949058228
794	0.880375	0.2948906555
795	0.880375	0.2948821716
796	0.880375	0.2948629456
797	0.88025	0.2948561707
798	0.88025	0.2948408203
799	0.880125	0.2948390503
800	0.880125	0.2948262634
801	0.880125	0.2948115234
802	0.880125	0.2948073425
803	0.880125	0.2947964478
804	0.880125	0.2947704468
805	0.88025	0.2947312317
806	0.88025	0.2947114563
807	0.88025	0.2946799316
808	0.88025	0.2946723938
809	0.88025	0.2946258545
810	0.880375	0.2945920105
811	0.88025	0.2944729919
812	0.88025	0.2944664307
813	0.88025	0.294449585
814	0.88025	0.2944375
815	0.88025	0.2944302368
816	0.88025	0.2944098511
817	0.88025	0.2943995361
818	0.880375	0.2943813782
819	0.880375	0.2943666077
820	0.88025	0.2942601929
821	0.880375	0.2941930542
822	0.8805	0.2941807556
823	0.880375	0.294178894
824	0.880375	0.2941473694
825	0.8805	0.2941161804
826	0.8805	0.2941116943
827	0.8805	0.2940752258
828	0.8805	0.2940700073
829	0.880625	0.293993866
830	0.880625	0.2939772644
831	0.880625	0.2939663391
832	0.8805	0.2939368286
833	0.8805	0.2939289856
834	0.8805	0.2939243164
835	0.880625	0.2938640747
836	0.880625	0.293863678
837	0.88075	0.2938318787
838	0.88075	0.2938285828
839	0.88075	0.2938239746
840	0.88075	0.2937737427
841	0.88075	0.2937709656
842	0.88075	0.2937265625
843	0.88075	0.29371875
844	0.88075	0.2936884766
845	0.880875	0.2936428833
846	0.88075	0.2936145325
847	0.881	0.2935340576
848	0.881	0.2935310974
849	0.881125	0.2935258789
850	0.881	0.2934651184
851	0.881125	0.2934548035
852	0.881125	0.293427063
853	0.881125	0.2934075012
854	0.881125	0.2933545837
855	0.881	0.2933346558
856	0.881	0.2933110046
857	0.881	0.293310791
858	0.88125	0.2932465515
859	0.88125	0.2932416077
860	0.88125	0.2932400208
861	0.88125	0.2931839905
862	0.88125	0.2931514587
863	0.88125	0.2931468811
864	0.88125	0.2930992126
865	0.88125	0.2930691833
866	0.881125	0.2930202637
867	0.881125	0.2929844971
868	0.88125	0.2929630127
869	0.881125	0.2929569092
870	0.88125	0.2927880249
871	0.88125	0.292787384
872	0.88125	0.2927511292
873	0.88125	0.292746521
874	0.88125	0.2927437134
875	0.881375	0.2927130737
876	0.88125	0.2927111511
877	0.881375	0.2926455994
878	0.8815	0.2925717468
879	0.8815	0.2925328674
880	0.8815	0.2925217285
881	0.881375	0.2925192871
882	0.881375	0.2925032654
883	0.881375	0.2924969482
884	0.881375	0.2924954529
885	0.881375	0.2924213562
886	0.881375	0.2924032288
887	0.8815	0.2923677979
888	0.881375	0.2922973633
889	0.881375	0.2922946472
890	0.881375	0.2922251587
891	0.881375	0.2922216187
892	0.8815	0.2921950989
893	0.8815	0.2921549683
894	0.8815	0.292090332
895	0.8815	0.2920776062
896	0.8815	0.2920490417
897	0.8815	0.292041748
898	0.8815	0.2920086975
899	0.8815	0.2919837646
900	0.88175	0.2918687439
901	0.8815	0.2918009644
902	0.8815	0.2917096252
903	0.881375	0.2916470642
904	0.881375	0.2915928955
905	0.881375	0.291567749
906	0.881625	0.2915376282
907	0.881625	0.2915076904
908	0.8815	0.2914517212
909	0.8815	0.2914267578
910	0.88175	0.2913070374
911	0.88175	0.2912927856
912	0.881875	0.2912806702
913	0.882125	0.2911660156
914	0.882	0.2911611023
915	0.882125	0.2911257935
916	0.8825	0.2909838867
917	0.8825	0.2909638672
918	0.8825	0.290963501
919	0.8825	0.2909569092
920	0.8825	0.2908149109
921	0.882375	0.2907602539
922	0.8825	0.2907181091
923	0.882375	0.2907114258
924	0.882375	0.2906974487
925	0.882375	0.2906737976
926	0.882625	0.2906392822
927	0.882625	0.2906096191
928	0.882625	0.2905980835
929	0.882625	0.2905236206
930	0.882625	0.2905201111
931	0.8825	0.290454071
932	0.8825	0.2904537964
933	0.8825	0.2904528198
934	0.8825	0.2903846436
935	0.8825	0.2903048706
936	0.88225	0.2902747803
937	0.882625	0.2902605286
938	0.88275	0.2902546082
939	0.882625	0.2902271729
940	0.88275	0.2901340332
941	0.882625	0.2901184387
942	0.88275	0.2900450134
943	0.88275	0.2900409241
944	0.88275	0.2900211182
945	0.88275	0.2900097656
946	0.882625	0.2899586182
947	0.882625	0.289898468
948	0.882625	0.2898869934
949	0.882625	0.2898792114
950	0.882625	0.2898571472
951	0.882625	0.2898134766
952	0.882625	0.2897995911
953	0.88275	0.2897836609
954	0.8825	0.2897615051
955	0.8825	0.289755127
956	0.882625	0.2897218628
957	0.882625	0.2896881714
958	0.882625	0.2896548462
959	0.8825	0.2895684204
960	0.8825	0.2895498657
961	0.8825	0.2895295715
962	0.882625	0.2895030518
963	0.88275	0.2894068298
964	0.88275	0.2893775024
965	0.883	0.2892764282
966	0.883125	0.2892390442
967	0.883	0.2891678772
968	0.883	0.2891401367
969	0.883	0.2891089783
970	0.883125	0.2891073608
971	0.883125	0.289089325
972	0.883125	0.2890289307
973	0.883125	0.2889551086
974	0.883	0.2889102478
975	0.883	0.2888461609
976	0.883125	0.2888275757
977	0.883125	0.2887968445
978	0.88325	0.2887562256
979	0.883125	0.2886279907
980	0.883	0.2886094971
981	0.883	0.2885527954
982	0.883	0.2884196167
983	0.883	0.2883670044
984	0.883	0.2883533325
985	0.883	0.2883530273
986	0.883	0.2882996216
987	0.883	0.2882878723
988	0.88325	0.2882207031
989	0.88325	0.288171814
990	0.88325	0.2881670837
991	0.88325	0.2881427917
992	0.883375	0.2880916443
993	0.883375	0.2880643311
994	0.88325	0.2880222473
995	0.88325	0.2880218811
996	0.88325	0.2879696655
997	0.88325	0.2879682007
998	0.88325	0.2879138794
999	0.883375	0.2879020691
1000	0.8835	0.2878721619
1001	0.883375	0.2878544006
1002	0.883375	0.2878504333
1003	0.883375	0.2878326416
1004	0.8835	0.2878161621
1005	0.883625	0.2877644653
1006	0.8835	0.287752533
1007	0.88375	0.2876986389
1008	0.883625	0.287645752
1009	0.88375	0.287587738
1010	0.884	0.2875200806
1011	0.883875	0.2875157471
1012	0.883875	0.2874708252
1013	0.884	0.287444458
1014	0.884	0.2874156494
1015	0.884	0.2873715515
1016	0.883875	0.2872880859
1017	0.884	0.2872176514
1018	0.884	0.2872061157
1019	0.883875	0.2871859131
1020	0.884	0.2871684265
1021	0.884	0.2871169434
1022	0.88375	0.2871035461
1023	0.883625	0.2870968018
1024	0.883875	0.287067749
1025	0.88375	0.2870471497
1026	0.88375	0.2870404053
1027	0.884125	0.2869603271
1028	0.884	0.2869544373
1029	0.884	0.2869524841
1030	0.884	0.286915741
1031	0.884	0.2869124146
1032	0.884	0.2868793945
1033	0.884	0.286868103
1034	0.884	0.2868515625
1035	0.884	0.2868371277
1036	0.884	0.2868358459
1037	0.884125	0.2867631836
1038	0.884125	0.2867622681
1039	0.884125	0.2867410583
1040	0.884125	0.2866981812
1041	0.884125	0.2866585388
1042	0.884125	0.2866401672
1043	0.884125	0.2866369019
1044	0.88425	0.2865709534
1045	0.88425	0.2865263672
1046	0.88425	0.2864705811
1047	0.88425	0.2864689941
1048	0.88425	0.2864120789
1049	0.88425	0.2863834229
1050	0.88425	0.2863430786
1051	0.884125	0.2862756653
1052	0.884125	0.286237854
1053	0.884125	0.2861881409
1054	0.884125	0.2861708374
1055	0.884125	0.2861590271
1056	0.884125	0.2861239319
1057	0.884125	0.2860848999
1058	0.884125	0.2860491028
1059	0.88425	0.2859651489
1060	0.88425	0.2859573975
1061	0.88425	0.2859558716
1062	0.88425	0.2859557495
1063	0.884125	0.2858609924
1064	0.884125	0.2858576965
1065	0.88425	0.2857818298
1066	0.884625	0.2857017822
1067	0.8845	0.2856888428
1068	0.88475	0.2856355896
1069	0.884625	0.285624939
1070	0.884625	0.2856187134
1071	0.884625	0.2856131897
1072	0.884625	0.2855892944
1073	0.884625	0.2854978638
1074	0.8845	0.2854351501
1075	0.884625	0.2853677979
1076	0.884625	0.2853644104
1077	0.88475	0.2853282471
1078	0.88475	0.2853004456
1079	0.88475	0.2852604065
1080	0.884875	0.2852134705
1081	0.88475	0.2851837158
1082	0.88475	0.2851797485
1083	0.88475	0.285177124
1084	0.88475	0.2851429443
1085	0.88475	0.2851414185
1086	0.88475	0.2851393738
1087	0.884875	0.285055481
1088	0.884875	0.2850360413
1089	0.884875	0.2849727173
1090	0.884875	0.2849434814
1091	0.884875	0.284894165
1092	0.88475	0.284867981
1093	0.884625	0.284815155
1094	0.88475	0.2847102356
1095	0.88475	0.2847051086
1096	0.88475	0.2846819153
1097	0.88475	0.2846808167
1098	0.88475	0.2846530151
1099	0.88475	0.2846329651
1100	0.88475	0.2845466003
1101	0.88475	0.2844328918
1102	0.88475	0.2844288025
1103	0.88475	0.2843719788
1104	0.884875	0.2843140259
1105	0.885	0.2842516785
1106	0.885	0.2842431641
1107	0.885	0.2842398376
1108	0.885	0.2842000122
1109	0.885	0.2841970825
1110	0.884875	0.2841679077
1111	0.884875	0.2841263428
1112	0.885	0.2840860901
1113	0.88475	0.2839942627
1114	0.88475	0.283993927
1115	0.88475	0.2839319458
1116	0.88475	0.2838905334
1117	0.88475	0.2838605957
1118	0.884875	0.2838503113
1119	0.884875	0.2837969666
1120	0.885	0.2837831116
1121	0.885	0.2837753601
1122	0.885	0.283723877
1123	0.885125	0.2836943359
1124	0.885125	0.2836565552
1125	0.88525	0.2836400452
1126	0.885375	0.2836074524
1127	0.885125	0.2835547485
1128	0.885125	0.2835537415
1129	0.88525	0.2834943237
1130	0.88525	0.2834754028
1131	0.88525	0.2834264526
1132	0.88525	0.2833884277
1133	0.88525	0.2833875122
1134	0.88525	0.2833852539
1135	0.88525	0.2833712158
1136	0.88525	0.2833700256
1137	0.88525	0.283369873
1138	0.885125	0.283291626
1139	0.88525	0.2832158508
1140	0.88525	0.2832120361
1141	0.885375	0.2831643066
1142	0.885375	0.2831641846
1143	0.885375	0.2830926514
1144	0.8855	0.2830613403
1145	0.8855	0.2830281982
1146	0.8855	0.2830113525
1147	0.8855	0.282949646
1148	0.8855	0.2829017639
1149	0.8855	0.2828649292
1150	0.8855	0.2828632812
1151	0.885625	0.2828108521
1152	0.885625	0.2827965698
1153	0.885625	0.2827447815
1154	0.8855	0.2826703186
1155	0.8855	0.2826475525
1156	0.8855	0.2826474304
1157	0.885625	0.2826337585
1158	0.885625	0.2826225586
1159	0.885625	0.2826181641
1160	0.885875	0.2825558777
1161	0.885875	0.2825550537
1162	0.885875	0.2825256348
1163	0.885875	0.2824819336
1164	0.885875	0.2824084778
1165	0.886	0.282319519
1166	0.886	0.2823075256
1167	0.886	0.2822906494
1168	0.886	0.2822614136
1169	0.886	0.2821794128
1170	0.886	0.2821344299
1171	0.886	0.2820672302
1172	0.886	0.2820023193
1173	0.886	0.2819781799
1174	0.885875	0.2819387207
1175	0.885875	0.2819363403
1176	0.885875	0.2819128418
1177	0.886	0.2818056946
1178	0.88625	0.2817328186
1179	0.88625	0.2816583252
1180	0.886125	0.2816569519
1181	0.88625	0.2816515503
1182	0.886125	0.2815810852
1183	0.886125	0.2815462952
1184	0.88625	0.2814637451
1185	0.886125	0.2814297485
1186	0.886	0.2813995972
1187	0.886	0.281398407
1188	0.886	0.281381897
1189	0.886	0.2813648682
1190	0.886	0.2813178711
1191	0.886	0.2813155212
1192	0.886	0.2813074646
1193	0.886125	0.2812145996
1194	0.886125	0.2812139587
1195	0.886125	0.2811948853
1196	0.886125	0.2811488647
1197	0.886	0.2810690308
1198	0.88625	0.2810122986
1199	0.88625	0.280963562
1200	0.88625	0.2809290771
1201	0.88625	0.2808934326
1202	0.88625	0.2808934326
1203	0.88625	0.2808894653
1204	0.886375	0.2808158569
1205	0.886375	0.2808076477
1206	0.8865	0.2807539063
1207	0.8865	0.2807053528
1208	0.886625	0.2806810303
1209	0.88675	0.2806214905
1210	0.88675	0.2805499268
1211	0.88675	0.2805001526
1212	0.88675	0.280460022
1213	0.88675	0.2803863831
1214	0.88675	0.2803107605
1215	0.88675	0.2802584839
1216	0.88675	0.2801955872
1217	0.886625	0.2801578064
1218	0.886625	0.2801211243
1219	0.886625	0.280077301
1220	0.886625	0.280063324
1221	0.886625	0.2800454407
1222	0.886625	0.2800452271
1223	0.886625	0.2800107727
1224	0.886625	0.2800050964
1225	0.886625	0.2799430542
1226	0.886625	0.2798718567
1227	0.886625	0.2798089905
1228	0.88675	0.2797658997
1229	0.886875	0.2797330017
1230	0.886875	0.2797008667
1231	0.886875	0.2796994629
1232	0.886875	0.2796944275
1233	0.886875	0.2796408997
1234	0.886875	0.2796187744
1235	0.886875	0.2795680237
1236	0.886875	0.2795675354
1237	0.886875	0.2795177307
1238	0.887	0.2794667969
1239	0.887	0.2794659729
1240	0.887	0.2794101257
1241	0.887	0.2793757324
1242	0.887	0.2793070679
1243	0.887	0.2792806091
1244	0.887125	0.27925177
1245	0.887125	0.2791755981
1246	0.887125	0.2791555786
1247	0.887125	0.2791521912
1248	0.887125	0.279117981
1249	0.887125	0.2790295105
1250	0.887125	0.2789767151
1251	0.887125	0.2789699402
1252	0.887125	0.2789157715
1253	0.887125	0.2788479614
1254	0.887125	0.2787859497
1255	0.887125	0.2787620239
1256	0.887125	0.2787513428
1257	0.88725	0.2787205811
1258	0.88725	0.2786660156
1259	0.88725	0.2786130676
1260	0.88725	0.2785756226
1261	0.88725	0.2785732727
1262	0.88725	0.2785692749
1263	0.88725	0.2785408936
1264	0.88725	0.2784870605
1265	0.88725	0.278446228
1266	0.88725	0.2784396973
1267	0.88725	0.2784272156
1268	0.88725	0.2783531799
1269	0.88725	0.278319397
1270	0.88725	0.2782621155
1271	0.887375	0.2782156372
1272	0.887375	0.2781949768
1273	0.887375	0.2781675415
1274	0.887375	0.2781199341
1275	0.887375	0.2780693359
1276	0.887375	0.2779757385
1277	0.887375	0.2779346313
1278	0.887375	0.2779345398
1279	0.887375	0.277921875
1280	0.887375	0.2778870544
1281	0.887375	0.2778809509
1282	0.887375	0.2778628845
1283	0.887375	0.277859375
1284	0.887375	0.2777826233
1285	0.887375	0.2777609253
1286	0.887375	0.2777391663
1287	0.887375	0.2776190186
1288	0.8875	0.2775678406
1289	0.8875	0.2775513611
1290	0.8875	0.2775072327
1291	0.8875	0.277494751
1292	0.8875	0.2774561462
1293	0.887625	0.2774198303
1294	0.887625	0.2774013977
1295	0.887625	0.2773786011
1296	0.887625	0.2773096924
1297	0.887625	0.2772909241
1298	0.887625	0.2772801208
1299	0.887625	0.2772689514
1300	0.887625	0.2772402039
1301	0.8875	0.2771834717
1302	0.8875	0.2771636658
1303	0.8875	0.2771491394
1304	0.887375	0.2771161194
1305	0.8875	0.2770499268
1306	0.887375	0.2769780273
1307	0.887375	0.2769666443
1308	0.887375	0.2769477539
1309	0.887375	0.2769415894
1310	0.887375	0.276901001
1311	0.887375	0.2768983459
1312	0.8875	0.2768890991
1313	0.887875	0.2768604431
1314	0.887875	0.2768458252
1315	0.887875	0.2768444824
1316	0.88775	0.2768087769
1317	0.88775	0.2767827759
1318	0.88775	0.2767472534
1319	0.888	0.276610321
1320	0.888	0.2765827637
1321	0.888	0.276569458
1322	0.888	0.2764983521
1323	0.888	0.2764580078
1324	0.888	0.2764267578
1325	0.888	0.2764233398
1326	0.888	0.2764155273
1327	0.888	0.276400116
1328	0.887875	0.2762412415
1329	0.888	0.2761575317
1330	0.888	0.2761515198
1331	0.888	0.2761508179
1332	0.888	0.2761066589
1333	0.888	0.2760883789
1334	0.888	0.2760562744
1335	0.888	0.2760323486
1336	0.888	0.2759811707
1337	0.888	0.2759126282
1338	0.888	0.27590802
1339	0.888	0.2759035034
1340	0.888125	0.2758054199
1341	0.888125	0.2757721558
1342	0.888125	0.2757105713
1343	0.888125	0.2756912842
1344	0.888125	0.2756837769
1345	0.888125	0.2756833496
1346	0.888125	0.2756097107
1347	0.888125	0.2755957031
1348	0.888125	0.2755597229
1349	0.888125	0.2755553894
1350	0.888125	0.275552002
1351	0.888125	0.2755039368
1352	0.88825	0.2754583435
1353	0.88825	0.2754076233
1354	0.88825	0.2753230286
1355	0.88825	0.2752779846
1356	0.88825	0.2752358093
1357	0.88825	0.275188324
1358	0.88825	0.2751848145
1359	0.88825	0.2751109924
1360	0.88825	0.2750937195
1361	0.88825	0.2750934448
1362	0.88825	0.2750549622
1363	0.88825	0.2750335083
1364	0.88825	0.2750330505
1365	0.88825	0.2749814758
1366	0.88825	0.2749382935
1367	0.88825	0.2748878784
1368	0.888625	0.2748342285
1369	0.88875	0.2748094788
1370	0.88875	0.2747783813
1371	0.88875	0.2747266846
1372	0.88875	0.2747247009
1373	0.88875	0.2746710815
1374	0.88875	0.2746691284
1375	0.88875	0.2746685791
1376	0.88875	0.2746453247
1377	0.88875	0.274612915
1378	0.888625	0.2745289917
1379	0.888625	0.2744953003
1380	0.888625	0.2744934387
1381	0.88875	0.274432251
1382	0.88875	0.2743867798
1383	0.88875	0.2743798828
1384	0.888875	0.2743599854
1385	0.888875	0.2743239136
1386	0.888875	0.2742869873
1387	0.888875	0.2742544861
1388	0.888875	0.2742107239
1389	0.889	0.2741835327
1390	0.889	0.2741674194
1391	0.889	0.2741654053
1392	0.88925	0.2740873718
1393	0.889375	0.2740357971
1394	0.889375	0.2740158997
1395	0.88925	0.2739739075
1396	0.889125	0.2738997498
1397	0.88925	0.2738985901
1398	0.889625	0.2738362427
1399	0.889625	0.2738322144
1400	0.889625	0.2738289185
1401	0.8895	0.2737864075
1402	0.889625	0.2737472534
1403	0.889625	0.2736999817
1404	0.8895	0.2736315613
1405	0.8895	0.2736244812
1406	0.889625	0.2735194702
1407	0.889625	0.2735180664
1408	0.889875	0.2735
1409	0.889875	0.2734969177
1410	0.889875	0.2734734802
1411	0.88975	0.273454834
1412	0.88975	0.2734233704
1413	0.890125	0.2733518677
1414	0.89025	0.2733099365
1415	0.89025	0.2733027649
1416	0.89	0.2732684326
1417	0.89	0.2732566223
1418	0.89	0.2732401123
1419	0.889875	0.2732395325
1420	0.889875	0.2732123718
1421	0.89	0.2732063904
1422	0.89	0.2731743469
1423	0.890125	0.273134613
1424	0.89025	0.2731261292
1425	0.890125	0.2731125183
1426	0.89	0.2730976868
1427	0.890375	0.2730748596
1428	0.890375	0.2730609131
1429	0.890375	0.273059967
1430	0.89025	0.2729755859
1431	0.890375	0.2729466858
1432	0.890375	0.2729365234
1433	0.89025	0.2729344482
1434	0.89025	0.2729276733
1435	0.890125	0.2728278503
1436	0.890125	0.2727985535
1437	0.890125	0.2727960815
1438	0.890125	0.2727852783
1439	0.89025	0.272750824
1440	0.89025	0.272747467
1441	0.890125	0.2726555481
1442	0.890125	0.2726423035
1443	0.89025	0.2726004333
1444	0.89	0.2725515137
1445	0.89	0.272503479
1446	0.89	0.2724860229
1447	0.890125	0.2724074707
1448	0.890125	0.2723879089
1449	0.890125	0.2722914429
1450	0.890125	0.2722745056
1451	0.89025	0.2722279663
1452	0.89025	0.2722272949
1453	0.89025	0.2721824341
1454	0.89025	0.272120575
1455	0.89025	0.2720515747
1456	0.89025	0.2720338135
1457	0.890125	0.2719717712
1458	0.89025	0.2719550781
1459	0.89025	0.2718646545
1460	0.8905	0.271797821
1461	0.890625	0.2717719421
1462	0.89075	0.2717090454
1463	0.89075	0.2716595154
1464	0.89075	0.2716382446
1465	0.890875	0.2715808716
1466	0.891	0.2714973755
1467	0.891	0.2714815063
1468	0.891	0.2714484863
1469	0.891	0.2714396362
1470	0.890875	0.2713841248
1471	0.890875	0.2713294983
1472	0.890875	0.2713287964
1473	0.89075	0.2712989197
1474	0.890875	0.271254303
1475	0.890875	0.2712386475
1476	0.890875	0.2711672974
1477	0.890875	0.2711405945
1478	0.890875	0.2711204834
1479	0.890875	0.2711177063
1480	0.890875	0.2710508423
1481	0.890875	0.2710314636
1482	0.890875	0.2710291748
1483	0.890875	0.2709603577
1484	0.89075	0.2709118042
1485	0.89075	0.2708613586
1486	0.890875	0.2707838745
1487	0.890875	0.2707706604
1488	0.890875	0.2706615906
1489	0.891	0.2706186523
1490	0.891125	0.2706166382
1491	0.891	0.2705587158
1492	0.891	0.2705194092
1493	0.891	0.2704844055
1494	0.891	0.270368988
1495	0.891125	0.2703070374
1496	0.891	0.270142395
1497	0.891125	0.2700675659
1498	0.891125	0.2699953918
1499	0.891125	0.2699950562
1500	0.891125	0.2699528809
1501	0.891125	0.2699224243
1502	0.890875	0.2698714294
1503	0.890875	0.2698605042
1504	0.891125	0.2698259583
1505	0.890875	0.2697432556
1506	0.890875	0.2697420654
1507	0.891125	0.2697015381
1508	0.891125	0.2696703796
1509	0.891125	0.269645752
1510	0.891125	0.2695926208
1511	0.89125	0.2695184631
1512	0.89125	0.2695174561
1513	0.89125	0.269515564
1514	0.89125	0.2695070801
1515	0.89125	0.2694975586
1516	0.8915	0.2694589233
1517	0.891375	0.2694204712
1518	0.891625	0.2693856201
1519	0.891625	0.2693650208
1520	0.89175	0.269326416
1521	0.892	0.2692919617
1522	0.891875	0.2692424011
1523	0.891875	0.2692156982
1524	0.891625	0.2691881409
1525	0.891875	0.2691049805
1526	0.891875	0.2690950317
1527	0.89175	0.2690563049
1528	0.89175	0.2690233765
1529	0.89175	0.2690035095
1530	0.891875	0.2689725952
1531	0.891875	0.2689718628
1532	0.891875	0.2689527283
1533	0.891875	0.2689520264
1534	0.89175	0.2689362488
1535	0.891625	0.2688946838
1536	0.891625	0.2688916016
1537	0.891625	0.2688900146
1538	0.891625	0.2688898926
1539	0.89175	0.2688296204
1540	0.89175	0.2688267212
1541	0.89175	0.2688192749
1542	0.892125	0.268744751
1543	0.892125	0.268743866
1544	0.892125	0.2686720581
1545	0.892125	0.268660614
1546	0.892125	0.2685915222
1547	0.891875	0.2685059204
1548	0.892	0.2684849243
1549	0.89225	0.2684260254
1550	0.89225	0.2683878479
1551	0.89225	0.2683583984
1552	0.89225	0.2683561096
1553	0.892125	0.2683306885
1554	0.89225	0.2682983398
1555	0.892375	0.2682702026
1556	0.892375	0.2682579346
1557	0.892375	0.2682276917
1558	0.892375	0.2682072144
1559	0.892375	0.268196991
1560	0.8925	0.2681473083
1561	0.8925	0.2681460571
1562	0.8925	0.2680835266
1563	0.8925	0.2680638733
1564	0.8925	0.2680624695
1565	0.8925	0.268003479
1566	0.8925	0.2679450989
1567	0.8925	0.2679433594
1568	0.892625	0.2679200439
1569	0.892625	0.2679092407
1570	0.892625	0.2678872986
1571	0.892625	0.267855835
1572	0.892625	0.2678285522
1573	0.892625	0.2677832642
1574	0.892625	0.2677651672
1575	0.8925	0.2677307129
1576	0.892625	0.2676031799
1577	0.892625	0.2675830078
1578	0.892625	0.2675777588
1579	0.892625	0.2675480042
1580	0.892625	0.2675292969
1581	0.892625	0.267499939
1582	0.8925	0.2674513855
1583	0.8925	0.2674358826
1584	0.892625	0.2674033203
1585	0.892625	0.2674029846
1586	0.892625	0.2673805847
1587	0.892625	0.2672815857
1588	0.89275	0.2672407837
1589	0.892625	0.2672139893
1590	0.893	0.2671548462
1591	0.893	0.2671358337
1592	0.892875	0.2671226196
1593	0.892875	0.2670878296
1594	0.892875	0.2670604248
1595	0.892875	0.2669658813
1596	0.892875	0.266912262
1597	0.892875	0.2668996582
1598	0.892875	0.2668955688
1599	0.892875	0.2668842468
1600	0.892875	0.2668789062
1601	0.892875	0.2668585815
1602	0.892875	0.2668269653
1603	0.892875	0.2667929993
1604	0.892875	0.2667880249
1605	0.892875	0.2667384338
1606	0.892875	0.2667373657
1607	0.89275	0.2666790771
1608	0.89275	0.2666565552
1609	0.892875	0.2666228333
1610	0.892875	0.266585144
1611	0.892875	0.2665848083
1612	0.892875	0.2665436401
1613	0.892875	0.2665072632
1614	0.892875	0.2664778748
1615	0.892875	0.2664563599
1616	0.892875	0.2664533081
1617	0.892875	0.2664171143
1618	0.893125	0.2663639526
1619	0.893125	0.2663625488
1620	0.893125	0.2663612061
1621	0.893125	0.2663571777
1622	0.893125	0.266337738
1623	0.893125	0.26633078
1624	0.893125	0.266308197
1625	0.893125	0.2662922974
1626	0.893375	0.2661993408
1627	0.89325	0.2661791077
1628	0.893125	0.2661488342
1629	0.893125	0.2661078186
1630	0.89325	0.2660734863
1631	0.89325	0.2660486145
1632	0.89325	0.2660248108
1633	0.89325	0.2659890137
1634	0.8935	0.2659009094
1635	0.893625	0.2658339233
1636	0.893625	0.2658048401
1637	0.893625	0.2658005066
1638	0.8935	0.2657687378
1639	0.8935	0.2657623291
1640	0.893625	0.265723877
1641	0.893625	0.2656652527
1642	0.893625	0.2656651001
1643	0.893625	0.2656631775
1644	0.893625	0.2656533203
1645	0.89375	0.2656060486
1646	0.89375	0.265605835
1647	0.893625	0.2655847168
1648	0.893625	0.2655400085
1649	0.893625	0.2654935608
1650	0.89375	0.2654141541
1651	0.89375	0.2653846741
1652	0.89375	0.2653555908
1653	0.893625	0.2652799683
1654	0.893625	0.2652346191
1655	0.893625	0.2652209473
1656	0.893875	0.2651926575
1657	0.893875	0.2651665039
1658	0.893875	0.2651391602
1659	0.893875	0.2650845337
1660	0.893875	0.2650818481
1661	0.893875	0.2650408325
1662	0.893875	0.2650372314
1663	0.893875	0.2650341187
1664	0.893875	0.2650335693
1665	0.893875	0.2650211792
1666	0.894125	0.2649815369
1667	0.894125	0.2649541626
1668	0.894125	0.264898407
1669	0.89425	0.2648474121
1670	0.89425	0.2647897339
1671	0.894	0.2647512512
1672	0.893875	0.2647153015
1673	0.893875	0.2647144165
1674	0.894	0.2646719666
1675	0.894125	0.2646677551
1676	0.894125	0.2646628418
1677	0.894	0.2646432495
1678	0.893875	0.2645751343
1679	0.893875	0.2645459595
1680	0.893875	0.2645335999
1681	0.893875	0.2644953003
1682	0.894	0.2644224243
1683	0.894	0.2643731079
1684	0.894	0.2643683167
1685	0.894125	0.2643382263
1686	0.894125	0.2642464905
1687	0.894125	0.264239502
1688	0.89425	0.2641964111
1689	0.89425	0.2641581726
1690	0.89425	0.2641213074
1691	0.894125	0.2640816956
1692	0.89425	0.2640444641
1693	0.89425	0.2640265503
1694	0.894125	0.2640194092
1695	0.894125	0.2639987488
1696	0.894125	0.2639981079
1697	0.894125	0.2639978333
1698	0.894125	0.2639881592
1699	0.894125	0.2639241638
1700	0.89425	0.2639042358
1701	0.894375	0.2638312988
1702	0.89425	0.2637679138
1703	0.89425	0.2637399292
1704	0.8945	0.2636968994
1705	0.8945	0.2636950378
1706	0.8945	0.2636940613
1707	0.8945	0.2636801147
1708	0.894375	0.2636460266
1709	0.894375	0.2636224976
1710	0.894375	0.2636183472
1711	0.894375	0.2636065979
1712	0.894375	0.2635629883
1713	0.894375	0.2635280762
1714	0.894375	0.2635084534
1715	0.894375	0.2634676208
1716	0.894375	0.2634575195
1717	0.894375	0.2634530334
1718	0.89425	0.2634129944
1719	0.89425	0.2633674316
1720	0.89425	0.2633619995
1721	0.89425	0.2633338318
1722	0.89425	0.2633252869
1723	0.89425	0.2632605591
1724	0.89425	0.2632603149
1725	0.89425	0.2632567444
1726	0.89425	0.2632453613
1727	0.89425	0.2632289734
1728	0.89425	0.2632213135
1729	0.89425	0.2631569824
1730	0.894375	0.2631382751
1731	0.894625	0.2630816956
1732	0.894625	0.2630813293
1733	0.894625	0.2630697021
1734	0.894625	0.2630126343
1735	0.894625	0.2629801025
1736	0.894625	0.2629304199
1737	0.89475	0.262892334
1738	0.89475	0.2628540649
1739	0.89475	0.2628370972
1740	0.894875	0.2628203125
1741	0.894875	0.2628052979
1742	0.894875	0.2627863159
1743	0.894875	0.2627715149
1744	0.894875	0.2627353516
1745	0.894875	0.2627278442
1746	0.894875	0.2626846924
1747	0.894875	0.2625886536
1748	0.894875	0.2625521545
1749	0.894875	0.2625350952
1750	0.894875	0.2625253296
1751	0.894875	0.2625178528
1752	0.894875	0.2624660339
1753	0.894875	0.2624655457
1754	0.894875	0.2624626465
1755	0.895	0.2624169922
1756	0.895	0.2623860474
1757	0.895	0.2623478088
1758	0.895	0.2623379517
1759	0.894875	0.2622583008
1760	0.894875	0.2622036438
1761	0.894875	0.2622025452
1762	0.894875	0.2621903076
1763	0.894875	0.2621673279
1764	0.894875	0.2621291199
1765	0.894875	0.2621166077
1766	0.894875	0.2620709839
1767	0.894875	0.2620568542
1768	0.894875	0.2620223694
1769	0.894875	0.2619798889
1770	0.895	0.2619258728
1771	0.895	0.2618922119
1772	0.895	0.2618469238
1773	0.895125	0.2618432617
1774	0.895125	0.2618129883
1775	0.894875	0.2617442627
1776	0.894875	0.2617406616
1777	0.894875	0.2617059937
1778	0.894875	0.2617058105
1779	0.894875	0.2616939697
1780	0.894875	0.2616236267
1781	0.895125	0.2615957947
1782	0.895125	0.2615915833
1783	0.895	0.2615824585
1784	0.895	0.2615794067
1785	0.895125	0.2615597534
1786	0.895125	0.2615585938
1787	0.895125	0.2615583496
1788	0.895125	0.2614942932
1789	0.895125	0.2614842224
1790	0.895125	0.2614718628
1791	0.895125	0.261452301
1792	0.89525	0.2613732605
1793	0.895375	0.2613097839
1794	0.8955	0.2612486572
1795	0.8955	0.2612312012
1796	0.8955	0.261229126
1797	0.8955	0.2611962585
1798	0.8955	0.2611634827
1799	0.8955	0.2611622009
1800	0.8955	0.2611142578
1801	0.8955	0.2611109619
1802	0.8955	0.2611096497
1803	0.8955	0.2610918884
1804	0.8955	0.2610696106
1805	0.8955	0.2610348511
1806	0.8955	0.2610034485
1807	0.8955	0.2609727478
1808	0.8955	0.2609723206
1809	0.8955	0.2609720764
1810	0.8955	0.2609684753
1811	0.8955	0.2609581299
1812	0.89575	0.2608397827
1813	0.89575	0.2607817688
1814	0.895625	0.2607600708
1815	0.89575	0.2607530212
1816	0.895875	0.2607159729
1817	0.895875	0.2607155762
1818	0.896	0.2606574707
1819	0.89625	0.2606176758
1820	0.89625	0.260578186
1821	0.896375	0.2605645447
1822	0.896375	0.2605385437
1823	0.896375	0.2605158691
1824	0.896375	0.2605056152
1825	0.89625	0.2604242554
1826	0.896375	0.260394043
1827	0.896375	0.260365509
1828	0.896375	0.2603269043
1829	0.896375	0.2603268127
1830	0.896375	0.2602772827
1831	0.896375	0.2602645569
1832	0.8965	0.2601851196
1833	0.8965	0.2601034241
1834	0.8965	0.2600903015
1835	0.8965	0.2600741577
1836	0.8965	0.2600735779
1837	0.8965	0.2600430603
1838	0.8965	0.2600172119
1839	0.896375	0.2599786072
1840	0.8965	0.2599718323
1841	0.8965	0.2599656372
1842	0.8965	0.2599602661
1843	0.8965	0.2599591675
1844	0.8965	0.2599377441
1845	0.8965	0.2599361572
1846	0.896375	0.2599207153
1847	0.896375	0.2599151001
1848	0.896625	0.2598931885
1849	0.896625	0.2598910217
1850	0.8965	0.2598756714
1851	0.8965	0.2598136292
1852	0.8965	0.2597709351
1853	0.896625	0.259696106
1854	0.896625	0.2596954041
1855	0.896625	0.2596589966
1856	0.896625	0.2596582642
1857	0.8965	0.2596133423
1858	0.8965	0.2596122437
1859	0.8965	0.2596104126
1860	0.8965	0.2596073914
1861	0.8965	0.2596070557
1862	0.8965	0.2596057739
1863	0.89625	0.2595629272
1864	0.896375	0.259545105
1865	0.8965	0.259504425
1866	0.8965	0.2594902649
1867	0.896375	0.2594146118
1868	0.896375	0.2593823853
1869	0.896375	0.2593820801
1870	0.896375	0.259382019
1871	0.896375	0.2593345032
1872	0.89625	0.2592753601
1873	0.89625	0.2592713928
1874	0.89625	0.2592537231
1875	0.89625	0.2592522278
1876	0.89625	0.2591477356
1877	0.89625	0.2591315002
1878	0.89625	0.2591092529
1879	0.89625	0.2590906982
1880	0.89625	0.2590652771
1881	0.896125	0.2590256958
1882	0.896375	0.2589112244
1883	0.896375	0.2588527832
1884	0.896375	0.2588514099
1885	0.896375	0.2587927551
1886	0.896375	0.2587615967
1887	0.896375	0.2587182312
1888	0.896375	0.2587093811
1889	0.896375	0.2586438904
1890	0.896375	0.2586303711
1891	0.896375	0.2585844727
1892	0.8965	0.2585811462
1893	0.8965	0.2585584412
1894	0.8965	0.2585563354
1895	0.896625	0.2585322266
1896	0.896625	0.2585046997
1897	0.896625	0.2585042725
1898	0.896625	0.2584890442
1899	0.896625	0.2584831848
1900	0.896625	0.2584673462
1901	0.896625	0.2584269104
1902	0.896625	0.2583574829
1903	0.896625	0.2583345947
1904	0.896625	0.2582909241
1905	0.89675	0.2582606201
1906	0.89675	0.258259552
1907	0.89675	0.2582399597
1908	0.89675	0.2581849976
1909	0.89675	0.2581556091
1910	0.89675	0.2580964966
1911	0.89675	0.2580490112
1912	0.89675	0.258038147
1913	0.89675	0.2579885254
1914	0.89675	0.2579605713
1915	0.89675	0.2579523926
1916	0.89675	0.2578881226
1917	0.89675	0.2578583069
1918	0.896875	0.2578113098
1919	0.896875	0.2578045044
1920	0.896875	0.2577814636
1921	0.896875	0.2577748413
1922	0.896875	0.2577637329
1923	0.896875	0.2577587585
1924	0.896875	0.2577573853
1925	0.896875	0.257751709
1926	0.896875	0.2577277222
1927	0.896875	0.2577157593
1928	0.896875	0.2577123718
1929	0.896875	0.2576654358
1930	0.896875	0.2576641235
1931	0.896875	0.257650177
1932	0.896875	0.2576142883
1933	0.89675	0.2575762024
1934	0.89675	0.2575629272
1935	0.89675	0.2575408325
1936	0.896875	0.2575178223
1937	0.896875	0.2574973755
1938	0.896875	0.2574683838
1939	0.896875	0.2574569702
1940	0.896875	0.257444519
1941	0.89675	0.2574155579
1942	0.89675	0.2574153137
1943	0.896875	0.2574064941
1944	0.896875	0.2574031372
1945	0.896875	0.2574000244
1946	0.896875	0.2573378906
1947	0.896875	0.2573356934
1948	0.896875	0.2572949219
1949	0.89675	0.2572800598
1950	0.89675	0.2572799988
1951	0.89675	0.2572781372
1952	0.896875	0.2572609863
1953	0.89675	0.2572431641
1954	0.897	0.2571721191
1955	0.897	0.2571032715
1956	0.897	0.2570903931
1957	0.897	0.2570667114
1958	0.897	0.2570489502
1959	0.897	0.2570342712
1960	0.897125	0.2570096741
1961	0.897125	0.2570089417
1962	0.897125	0.2569825745
1963	0.897125	0.2569735718
1964	0.897125	0.2569456177
1965	0.897125	0.2568973083
1966	0.897125	0.25689151
1967	0.897125	0.2568701172
1968	0.897125	0.2568594971
1969	0.897125	0.2568580627
1970	0.897125	0.2568305664
1971	0.897125	0.2568149719
1972	0.897125	0.256774292
1973	0.897125	0.256743103
1974	0.897125	0.256696106
1975	0.897125	0.2566911011
1976	0.897125	0.2566813049
1977	0.897125	0.2566765442
1978	0.897125	0.2566383667
1979	0.897125	0.2566295471
1980	0.897125	0.2566233215
1981	0.897125	0.2565838318
1982	0.897125	0.2565759888
1983	0.897125	0.2565662231
1984	0.897125	0.2565417786
1985	0.897125	0.2565408325
1986	0.897125	0.256522644
1987	0.897125	0.2565212708
1988	0.897125	0.2564692078
1989	0.897125	0.2564210815
1990	0.897125	0.2564021912
1991	0.897125	0.2563659973
1992	0.897125	0.2563256531
1993	0.897125	0.2562906494
1994	0.897125	0.2562595215
1995	0.89725	0.2562116394
1996	0.89725	0.2561887512
1997	0.897375	0.256149292
1998	0.897375	0.2561389465
1999	0.897375	0.2561339111
2000	0.8975	0.2561148682
2001	0.89725	0.2560832825
2002	0.89725	0.256080719
2003	0.89725	0.2560762939
2004	0.89725	0.2560666199
2005	0.89725	0.2560612488
2006	0.89725	0.2560582581
2007	0.89725	0.2560552063
2008	0.89725	0.2560222473
2009	0.89725	0.2560221252
2010	0.89725	0.2559908752
2011	0.89725	0.2559853973
2012	0.8975	0.2559755859
2013	0.8975	0.2559535217
2014	0.897625	0.2559285278
2015	0.89775	0.2557888184
2016	0.89775	0.2557846069
2017	0.89775	0.2557815704
2018	0.89775	0.2557813263
2019	0.897625	0.2557111511
2020	0.897625	0.2557107086
2021	0.897625	0.2556778564
2022	0.89775	0.2556085815
2023	0.89775	0.2555955963
2024	0.89775	0.2555954895
2025	0.897875	0.2555507202
2026	0.898	0.2554960327
2027	0.898125	0.2554714203
2028	0.898	0.255461792
2029	0.898	0.2554483643
2030	0.898	0.2553925629
2031	0.898	0.255368927
2032	0.898	0.2553491364
2033	0.897875	0.2553335571
2034	0.898	0.2552804108
2035	0.898125	0.2551975403
2036	0.898125	0.2551971436
2037	0.89825	0.2551404724
2038	0.89825	0.2551365204
2039	0.89825	0.2551329803
2040	0.89825	0.2550935211
2041	0.898375	0.2550800171
2042	0.898375	0.2550653076
2043	0.89875	0.2549740448
2044	0.89875	0.2549707184
2045	0.89875	0.2549414063
2046	0.89875	0.2549412537
2047	0.898875	0.2548689575
2048	0.898875	0.2548361511
2049	0.898875	0.2547735748
2050	0.89875	0.2547557983
2051	0.89875	0.2547546539
2052	0.89875	0.2547545013
2053	0.89875	0.2547544556
2054	0.898875	0.2547164612
2055	0.898875	0.2547149811
2056	0.899	0.2546826019
2057	0.899	0.2546815948
2058	0.899	0.2546586761
2059	0.899	0.254634201
2060	0.899125	0.2545796204
2061	0.899125	0.254537674
2062	0.899	0.2544902344
2063	0.899	0.2544685059
2064	0.899	0.2544150391
2065	0.899	0.2544135132
2066	0.899	0.2544011383
2067	0.899	0.2543850708
2068	0.899	0.2543669586
2069	0.899	0.2543520508
2070	0.899	0.2543076477
2071	0.899	0.254268158
2072	0.899	0.2542661743
2073	0.899	0.254220932
2074	0.899	0.2542044525
2075	0.899	0.2541968384
2076	0.899	0.2541822205
2077	0.899	0.2541738434
2078	0.899	0.2541490326
2079	0.899	0.254065979
2080	0.899	0.2540657806
2081	0.899	0.2540605621
2082	0.899	0.2540314484
2083	0.899	0.2539949951
2084	0.899	0.2539929199
2085	0.899	0.2539820251
2086	0.899	0.2539586487
2087	0.899	0.2539584503
2088	0.899	0.2539552917
2089	0.899	0.2539412537
2090	0.899125	0.2539269409
2091	0.899	0.2539268341
2092	0.899	0.2538858643
2093	0.899125	0.2538522644
2094	0.899125	0.2538511353
2095	0.89925	0.2538266602
2096	0.89925	0.2538259888
2097	0.89925	0.2538224182
2098	0.89925	0.2538152618
2099	0.899125	0.2537997894
2100	0.89925	0.2537847595
2101	0.89925	0.2537582245
2102	0.89925	0.2537307739
2103	0.89925	0.2537072144
2104	0.89925	0.2536614838
2105	0.89925	0.2536575317
2106	0.89925	0.2536481934
2107	0.89925	0.2536477051
2108	0.899375	0.2536312408
2109	0.89925	0.2536298523
2110	0.89925	0.2536196899
2111	0.89925	0.2535315247
2112	0.89925	0.2535228577
2113	0.89925	0.2535218201
2114	0.89925	0.2535209656
2115	0.89925	0.2535172424
2116	0.89925	0.2534993591
2117	0.89925	0.2534732361
2118	0.89925	0.2534466553
2119	0.899375	0.2534008789
2120	0.899375	0.2533968353
2121	0.899375	0.2533950043
2122	0.899375	0.2533928528
2123	0.8995	0.2533394012
2124	0.899625	0.2532879486
2125	0.899625	0.2532734528
2126	0.899625	0.253227005
2127	0.899625	0.2531982117
2128	0.899625	0.2531463928
2129	0.899625	0.2531166687
2130	0.899625	0.253102005
2131	0.899625	0.2530245056
2132	0.899625	0.2530027771
2133	0.8995	0.2529861908
2134	0.8995	0.2529860077
2135	0.8995	0.2529550781
2136	0.8995	0.252946579
2137	0.8995	0.2529302979
2138	0.8995	0.2528917847
2139	0.8995	0.2528786621
2140	0.899625	0.2528433838
2141	0.899625	0.2528008423
2142	0.8995	0.252776062
2143	0.899625	0.2527571259
2144	0.899625	0.2527444916
2145	0.899625	0.2527207947
2146	0.899625	0.2527083893
2147	0.899625	0.2526623688
2148	0.899625	0.2526578674
2149	0.899625	0.2526103821
2150	0.899625	0.2526072693
2151	0.899625	0.2525908508
2152	0.899625	0.2525747986
2153	0.899625	0.2525740051
2154	0.899625	0.2525585632
2155	0.89975	0.2525220032
2156	0.899875	0.2525014343
2157	0.899875	0.2524703064
2158	0.899875	0.2524505157
2159	0.899875	0.2524335175
2160	0.899875	0.2524334869
2161	0.900125	0.2524064026
2162	0.900125	0.2523885345
2163	0.9	0.2523263702
2164	0.9	0.2522779388
2165	0.9	0.2522642517
2166	0.9	0.2522306213
2167	0.9	0.2522286835
2168	0.9	0.2522280121
2169	0.9	0.2522276917
2170	0.9	0.2522259979
2171	0.900125	0.2521567993
2172	0.9	0.2521318054
2173	0.9	0.2521139679
2174	0.9	0.2520906982
2175	0.9	0.2520588074
2176	0.900125	0.2520343628
2177	0.900125	0.2520324707
2178	0.900125	0.2520287476
2179	0.900125	0.2520247192
2180	0.900125	0.2520139923
2181	0.900125	0.2520052185
2182	0.900125	0.2519723358
2183	0.900125	0.2519490051
2184	0.900125	0.2519270935
2185	0.90025	0.251909729
2186	0.900125	0.2518782349
2187	0.900125	0.2518763428
2188	0.9	0.2518723145
2189	0.9	0.2518376465
2190	0.900125	0.2518176422
2191	0.900375	0.2517380524
2192	0.900375	0.251727066
2193	0.900125	0.2516389313
2194	0.900125	0.2516356201
2195	0.900125	0.2516341095
2196	0.900375	0.2516065826
2197	0.900375	0.2516013184
2198	0.900375	0.2516003113
2199	0.90025	0.2515911255
2200	0.90025	0.2515880432
2201	0.90025	0.2515484009
2202	0.90025	0.2515431366
2203	0.90025	0.2515144043
2204	0.90025	0.251511261
2205	0.90025	0.2515092316
2206	0.9005	0.2514770813
2207	0.9005	0.2514727173
2208	0.900625	0.2514549561
2209	0.900625	0.2514515686
2210	0.900375	0.2514219666
2211	0.90075	0.2513806305
2212	0.90075	0.2513800659
2213	0.90075	0.2513411713
2214	0.900625	0.2512833099
2215	0.90075	0.2512639313
2216	0.90075	0.2512387695
2217	0.90075	0.2512376099
2218	0.900625	0.2512246094
2219	0.90075	0.2511798859
2220	0.900875	0.2511313171
2221	0.900875	0.2511087646
2222	0.900875	0.2511078644
2223	0.901	0.2510784454
2224	0.901	0.2510636292
2225	0.901125	0.251033844
2226	0.901125	0.2510259247
2227	0.901125	0.2509953461
2228	0.901125	0.2509761353
2229	0.901125	0.2509549103
2230	0.901125	0.2509397736
2231	0.901125	0.2509395752
2232	0.901125	0.2509333038
2233	0.901125	0.2509003601
2234	0.901125	0.2508527985
2235	0.901125	0.2508154907
2236	0.901125	0.250813736
2237	0.901	0.2507942047
2238	0.901	0.2507940369
2239	0.901125	0.25071138
2240	0.901125	0.2507108765
2241	0.901	0.2506744995
2242	0.90075	0.2506452637
2243	0.900625	0.2505910492
2244	0.900625	0.2505755768
2245	0.900625	0.2505649414
2246	0.900625	0.2505495911
2247	0.900625	0.2505394592
2248	0.900625	0.2505182495
2249	0.90075	0.2504927826
2250	0.901	0.2504497986
2251	0.900875	0.250390686
2252	0.900875	0.2503860626
2253	0.900875	0.2503688049
2254	0.900875	0.250368042
2255	0.900875	0.250348114
2256	0.900875	0.2503463898
2257	0.90075	0.2503440247
2258	0.900875	0.2503377991
2259	0.900875	0.2503233948
2260	0.900875	0.2503232422
2261	0.90075	0.250319519
2262	0.90075	0.2503192596
2263	0.901125	0.2502944946
2264	0.901125	0.2502909698
2265	0.901125	0.2502899323
2266	0.901125	0.250271759
2267	0.901125	0.2502693481
2268	0.901125	0.250264679
2269	0.901125	0.2502641602
2270	0.901125	0.2502606049
2271	0.901125	0.2502524719
2272	0.901125	0.2502507629
2273	0.901125	0.2502189484
2274	0.901125	0.2502036743
2275	0.901125	0.2501744995
2276	0.901125	0.2501479187
2277	0.901125	0.2501456757
2278	0.901125	0.2501064301
2279	0.901125	0.2500975494
2280	0.901125	0.2500612183
2281	0.901125	0.2500331116
2282	0.901375	0.2499692383
2283	0.90125	0.2498911133
2284	0.901125	0.249838089
2285	0.901125	0.2497967224
2286	0.901125	0.249795929
2287	0.901125	0.249770752
2288	0.901125	0.2497704773
2289	0.901125	0.2497395172
2290	0.901125	0.2497383575
2291	0.901125	0.2497336578
2292	0.90125	0.2497065582
2293	0.90125	0.2497057495
2294	0.90125	0.2496557465
2295	0.90125	0.2496537628
2296	0.90125	0.2496507568
2297	0.90125	0.2496495056
2298	0.901375	0.2495919189
2299	0.901375	0.249571579
2300	0.901375	0.2495687103
2301	0.901375	0.2495656738
2302	0.901375	0.2495637207
2303	0.901375	0.2494614563
2304	0.901375	0.2494603577
2305	0.901375	0.249431015
2306	0.901375	0.2494084778
2307	0.90125	0.2493699036
2308	0.90125	0.2493691254
2309	0.90125	0.2493660583
2310	0.90125	0.2493649902
2311	0.90125	0.2493647308
2312	0.90125	0.2493641357
2313	0.901375	0.2492170868
2314	0.901375	0.2491989441
2315	0.90125	0.249174469
2316	0.90125	0.2491634979
2317	0.90125	0.249157486
2318	0.90125	0.2491544189
2319	0.90125	0.2491390228
2320	0.90125	0.2491198425
2321	0.90125	0.2491144409
2322	0.90125	0.2490879211
2323	0.90125	0.2490860901
2324	0.90125	0.249005249
2325	0.90125	0.2489977112
2326	0.90125	0.2489411163
2327	0.90125	0.248938385
2328	0.90125	0.2489283447
2329	0.90125	0.2489118958
2330	0.90125	0.2489115906
2331	0.90125	0.2488830719
2332	0.901375	0.2488401489
2333	0.901375	0.2488400726
2334	0.9015	0.2488271179
2335	0.9015	0.2488255005
2336	0.9015	0.2488193512
2337	0.9015	0.2487787323
2338	0.9015	0.2487468719
2339	0.9015	0.2487433777
2340	0.9015	0.2487377014
2341	0.9015	0.2487317047
